Token,Index
<unk>,0
<pad>,1
<bos>,2
<eos>,3
我,4
每年,5
必须,6
来,7
这里,8
你,9
不再,10
只是,11
一个,12
孩子,13
了,14
想要,15
什么,16
不,17
知道,18
不会,19
游泳,20
从中,21
选择,22
一人,23
海豚,24
是,25
哺乳动物,26
一艘船,27
我会,28
在,29
等,30
着,31
到,32
他,33
回来,34
的,35
他们,36
互拥,37
我们,38
能,39
去,40
别的,41
地方,42
谈谈,43
吗,44
联系,45
上,46
已经,47
为时已晚,48
男孩,49
到家,50
绝不会,51
让,52
做,53
那儿,54
天气,55
请,56
告诉,57
名字,58
不要,59
问,60
那家店,61
卖,62
报纸,63
和,64
杂志,65
可能,66
发生,67
交通事故,68
吧,69
个,70
大学生,71
对,72
花粉,73
或,74
灰尘,75
过敏,76
感觉,77
舒服,78
计划,79
甚么,80
应该,81
亲自,82
一位,83
老朋友,84
从前,85
一样,86
不能,87
把,88
窗关,89
拜访,90
祖母,91
房子,92
汤姆,93
当时,94
非常,95
害怕,96
再,97
读,98
一次,99
两个,100
问题,101
有,102
手机,103
大学,104
后,105
主修,106
玛丽,107
那件事,108
真实,109
原因,110
这,111
那,112
只,113
黑鸟,114
不是,115
乌,116
鸫,117
好痛,118
工作,119
数,120
小时,121
会议,122
结束,123
还,124
住,125
父亲,126
里,127
刚刚,128
切,129
手指,130
受够了,131
抱怨,132
偶尔,133
照顾,134
几乎,135
每天,136
洗澡,137
下雨,138
维持,139
人,140
声誉,141
很,142
难,143
生活,144
毁,145
该,146
火车站,147
你家,148
地址,149
有名,150
建筑师,151
造,152
这个,153
希望,154
你别,155
死,156
别哭,157
学会,158
与,159
自然,160
和谐,161
共处,162
她,163
似乎,164
喜欢,165
哥哥,166
覆水难收,167
觉得,168
外遇,169
自从,170
当,171
无家可归,172
时候,173
羡慕,174
兔子,175
乌龟,176
赛跑,177
指南针,178
指向,179
北边,180
遭受,181
心脏病,182
困扰,183
人数,184
增加,185
简短地,186
谈,187
英语,188
变成,189
最,190
学科,191
理发师,192
为,193
他理,194
头发,195
它,196
永远,197
都,198
只有,199
专家,200
区分,201
出,202
它们,203
不同,204
太早,205
件,206
大衣,207
需要,208
很多,209
钱,210
学生,211
们,212
机会,213
股市,214
赚,215
一大笔钱,216
当然,217
想,218
看,219
村庄,220
有条,221
窄路,222
患上,223
重感冒,224
出名,225
认为,226
我能,227
帮点,228
忙,229
房间,230
没有,231
时钟,232
变得,233
紧张,234
仔细,235
报告,236
回答,237
露齿,238
而,239
笑,240
经常,241
吃饭,242
时读,243
这辆,244
车靠,245
天然气,246
驱动,247
这桶,248
装满,249
水,250
明天,251
一场,252
足球比赛,253
朋友,254
穿,255
衣服,256
看起来,257
价格不菲,258
嗜好,259
模型飞机,260
帐单,261
给,262
好,263
穿着,264
昨天,265
要,266
帮助,267
还是,268
说,269
法语,270
由于,271
Mary,272
失去,273
拥有,274
一切,275
您,276
投,277
票,278
所作所为,279
总是,280
惊讶,281
放弃,282
可以,283
打开,284
这扇,285
窗,286
谈论,287
各种各样,288
话题,289
父母,290
爱,291
自己,292
找,293
钢笔,294
没什么,295
担心,296
能游,297
得,298
跟,299
快,300
有时,301
帮,302
棒球,303
邻居,304
相处,305
这是,306
一张,307
机场,308
照片,309
小孩,310
更,311
多,312
时间,313
呆,314
一起,315
不太好,316
亲切,317
喝啤酒,318
帮忙,319
办公室,320
三楼,321
没,322
打,323
玛莉,324
公园,325
玩耍,326
日本大使馆,327
哪里,328
也,329
巧克力,330
蓝莓,331
酱藏,332
享子,333
看不到,334
狗,335
稍等一下,336
特别,337
橘子,338
胜过,339
苹果,340
家庭,341
如果,342
的话,343
仔细听,344
坐在,345
长椅,346
沿著河,347
散步,348
这家,349
酒店,350
服务,351
两套,352
一只,353
船,354
预言,355
成真,356
打扫,357
完,358
有点,359
活泼,360
本,361
用,362
更好,363
方式,364
处理,365
可不,366
这么,367
讨论,368
过,369
那个,370
上学,371
前先,372
离开,373
母亲,374
醉,375
支持,376
放点,377
盐,378
滚水,379
本来,380
付账,381
暴风雨,382
发展,383
成,384
台风,385
另,386
一杯,387
咖啡,388
诚实,389
从不,390
偷钱,391
放下,392
你们,393
武器,394
同意,395
像,396
以前,397
那么,398
拖延,399
波士顿,400
聪明能干,401
要求,402
相反,403
早点,404
猫,405
会,406
离婚,407
谁,408
负责,409
销售,410
部门,411
字典,412
每个,413
向,414
曾,415
那里,416
遇见,417
大方,418
可怜,419
女孩,420
瞎,421
单独,422
谈一谈,423
现在,424
想点,425
饮料,426
使,427
长大成人,428
法律,429
之前,430
人人平等,431
一切顺利,432
再见,433
晚安,434
不想,435
养,436
大,437
宝宝,438
一项,439
艰难,440
生于,441
丢,442
活到老,443
河里,444
今天,445
热,446
这件,447
事,448
真的,449
感动,450
三岁时,451
所,452
学校,453
为什么,454
碗,455
旁边,456
检察官,457
引导性,458
部,459
电影,460
值得一看,461
附近,462
公交站,463
正在,464
吃,465
找到,466
东西,467
情人节,468
车,469
银行,470
前面,471
停下来,472
一百年,473
称为,474
世纪,475
工资,476
低,477
早上,478
走得,479
很早,480
一点,481
懂,482
格雷厄姆,483
格林,484
作家,485
开往,486
东京,487
正确,488
火车,489
声音,490
悦耳,491
改变,492
任何,493
睡觉,494
头皮,495
痒,496
天文学,497
哪儿,498
平均,499
一分钟,500
眨,501
几次,502
眼睛,503
一天,504
买,505
一台,506
棉花,507
糖机,508
电脑,509
建议,510
唱歌,511
闭上,512
嘴,513
这台,514
自动,515
贩卖机,516
故障,517
纽约,518
部份,519
鱼,520
感谢,521
到来,522
一辈子,523
只会,524
出现,525
这样,526
门票,527
多少,528
呢,529
胡椒,530
递给,531
别,532
马路,533
中间,534
嬉戏,535
加入,536
陆军,537
溪水,538
流,539
进,540
池塘,541
其中,542
行李,543
不见,544
海龟,545
爬行动物,546
借给,547
一盘,548
有人,549
准备,550
好了吗,551
图书馆,552
你们好,553
错误,554
归咎于,555
煮,556
蛋,557
佩服,558
勇气,559
没人会,560
打扰,561
颜色,562
外套,563
错,564
司机,565
还有,566
不好意思,567
去求,568
羞怯,569
地,570
一眼,571
年轻人,572
轨道,573
不配,574
听,575
起来,576
不像,577
企业,578
生活区,579
花,580
慢慢来,581
医生,582
治好,583
病,584
明白,585
如何,586
使用,587
乐观,588
者,589
灾祸,590
中,591
看到,592
打算,593
走,594
独自,595
嫉妒,596
成功,597
的确,598
比,599
年轻,600
这些,601
患者,602
走路,603
困难,604
大学教授,605
守,606
著,607
秘密,608
骑马,609
无法回答,610
若,611
姿态,612
就,613
完美,614
尊敬,615
长辈,616
拿,617
起,618
罐子,619
标签,620
耶诞节,621
得到,622
预订,623
寄给,624
生日,625
贺卡,626
我家,627
离,628
很近,629
真相,630
根本,631
实施,632
逮捕,633
行动,634
怀疑,635
故事,636
见到,637
弟弟,638
去年,639
于,640
癌症,641
戴,642
那条,643
围巾,644
行为,645
太远,646
原谅,647
深深地,648
被,649
仁慈,650
为了,651
重要,652
约会,653
决定,654
派对,655
下棋,656
下得,657
蔬菜,658
甚至,659
和玛丽,660
说话,661
别用,662
机翻,663
冒险,664
足球,665
人们,666
依赖,667
保留,668
位置,669
守住,670
很难,671
累,672
能够,673
一份,674
力,675
太好了,676
答案,677
善于,678
砍价,679
脸红,680
什么样,681
葡萄酒,682
行得通,683
解决,684
这要,685
胆量,686
出来,687
弹钢琴,688
男人,689
伸出,690
手,691
医院,692
检查,693
学法语,694
全部,695
开除,696
火,697
灭,698
救,699
习惯,700
早起,701
下,702
再次,703
提醒,704
口袋,705
摸,706
钱包,707
六岁,708
意识,709
动物园,710
阅读,711
一些,712
侦探小说,713
抱歉,714
善用,715
一定,716
谨慎,717
位,718
政治家,719
以,720
满意,721
头痛,722
样子,723
六点,724
大小,725
鸡蛋,726
很饱,727
活著,728
欠,729
该是,730
买间,731
计程车,732
承认,733
那晚,734
昨晚,735
认识,736
度假,737
诗人,738
女人,739
表达,740
火热,741
激情,742
那边,743
停著,744
那辆,745
自行车,746
灯,747
已关,748
戴眼镜,749
不该,750
那样,751
讲话,752
辆,753
新车,754
差不多,755
完成,756
丑闻,757
付出,758
代价,759
拍照片,760
接下来,761
二千,762
本书,763
成为,764
哲学家,765
睡着,766
Tom,767
，,768
不用说,769
大象,770
有长,771
鼻子,772
奇怪,773
梦,774
今晚,775
打电话,776
新,777
鞋子,778
世界,779
白痴,780
一般来说,781
关门,782
七点,783
随手关门,784
很棒,785
肉,786
月亮,787
很圆,788
下雪,789
关心,790
未来,791
整夜,792
听到,793
狗叫,794
从,795
上个月,796
开始,797
工程师,798
叫醒,799
天亮,800
前,801
这座,802
城市,803
海拔,804
一周,805
有四堂,806
课,807
阻止,808
点,809
叔叔,810
立下,811
遗嘱,812
很漂亮,813
感到,814
内疚,815
队里,816
最棒,817
球员,818
玩,819
俄罗斯,820
方块,821
能力,822
最好,823
立刻,824
剪头发,825
马上,826
有趣,827
铅笔,828
克服,829
日元,830
升高,831
多大,832
晚上,833
有没有,834
上班,835
桥,836
建造,837
野餐,838
举办,839
舞会,840
儿子,841
四亿人,842
作为,843
第一,844
语言,845
学习,846
空手道,847
以为,848
大夫,849
继续,850
努力,851
表,852
一辆,853
红色,854
汽车,855
怎么,856
话,857
急忙,858
跑,859
鸟会,860
飞,861
第一次,862
澳大利亚,863
开,864
无法,865
跟上,866
随,867
我本,868
先问,869
妈妈,870
在家,871
太太,872
兼职,873
赚进,874
额外,875
马停,876
下来,877
啤酒,878
不介意,879
回到,880
家,881
先,882
这有,883
多长,884
浪漫,885
男友,886
睡,887
点觉,888
有意,889
保密,890
安慰,891
我吹次,892
中音,893
萨克斯风,894
班里,895
最高,896
光着,897
脚,898
漫步,899
床上,900
天,901
渐渐,902
黑,903
哪些,904
科目,905
看见,906
大巴车,907
像是,908
恋爱,909
随时,910
清白,911
记得,912
凭,913
长相,914
英国人,915
美国,916
喝,917
不管怎样,918
暗示,919
下个月,920
将,921
澳洲,922
红葡萄酒,923
白葡萄酒,924
午饭,925
小憩,926
一,927
讲,928
一口,929
流利,930
来得,931
很快,932
火星,933
生命,934
太,935
拿掉,936
婚戒,937
待,938
这儿,939
是不是,940
麻烦事,941
直到,942
没人,943
注意,944
困惑,945
浴缸,946
桌子,947
躺,948
右边,949
将会输,950
结果,951
证明,952
蛋糕,953
科学家,954
正,955
终结,956
艾滋病,957
一直,958
三岁,959
建筑物,960
所有人,961
地震,962
了解,963
晚饭,964
外出,965
不下,966
必要,967
这门,968
课买本,969
教材,970
十月,971
疑惑,972
车祸,973
数羊,974
爸爸,975
周末,976
回家,977
读完,978
书,979
之后,980
哪,981
高兴,982
陪伴,983
警方,984
收取,985
贿赂,986
确定,987
要说,988
下周,989
才能,990
凑成,991
一对,992
自信,993
重力,994
带,995
地球表面,996
机器,997
修理,998
韩国,999
料理,1000
忘,1001
受够,1002
吃快餐,1003
当心,1004
放松,1005
结帐,1006
左右,1007
起床,1008
好吃,1009
做梦,1010
似的,1011
请求,1012
置若罔闻,1013
突然,1014
戒烟,1015
颗,1016
钓鱼,1017
高手,1018
死亡,1019
如同,1020
手套,1021
帮上,1022
停,1023
显然,1024
更糟,1025
剪,1026
妹妹,1027
装病,1028
没用,1029
九点,1030
见,1031
间谍,1032
比起,1033
面包,1034
老人,1035
树荫下,1036
休息,1037
取笑,1038
愿意,1039
跟着,1040
所谓,1041
陌生人,1042
寄,1043
送到,1044
日本,1045
一到,1046
到达,1047
山顶,1048
两张,1049
图片,1050
之间,1051
细致,1052
差异,1053
一下,1054
绝不能,1055
后退,1056
一步,1057
跌倒,1058
设法,1059
控制,1060
毫不,1061
费劲,1062
公司,1063
赶快,1064
兄弟,1065
真,1066
放在,1067
耳朵,1068
后面,1069
后悔,1070
夏天,1071
农场,1072
想到,1073
外国,1074
读书,1075
理由,1076
丝毫,1077
想法,1078
捕鱼,1079
达,1080
羞耻,1081
囚犯,1082
窃贼,1083
闯进,1084
晚餐,1085
六点半,1086
开饭,1087
糟糕,1088
不过,1089
往右,1090
拐,1091
大家,1092
教,1093
写作,1094
完全,1095
迟到,1096
厨房,1097
快点,1098
前一天,1099
相机,1100
年纪,1101
不比,1102
煮肉,1103
地区,1104
安静,1105
老板,1106
高,1107
评价,1108
爱好,1109
叫,1110
小偷,1111
试着,1112
把门,1113
推开,1114
成亲,1115
谢谢,1116
见面,1117
三年,1118
马铃薯,1119
误点,1120
从来,1121
去过,1122
夜猫子,1123
别死,1124
没盐,1125
家人,1126
吃太多,1127
拿出,1128
“,1129
撒谎,1130
无权,1131
干涉,1132
家庭事务,1133
邀,1134
参加,1135
骗,1136
刚,1137
发表,1138
一系列,1139
文章,1140
家里,1141
海军,1142
以后,1143
镇上,1144
愉快,1145
合作,1146
多一点,1147
下午,1148
逛街,1149
不必,1150
瞧不起人,1151
罪犯,1152
战争,1153
交了,1154
书架上,1155
典型,1156
试过,1157
用水,1158
肺,1159
潜水,1160
窗口,1161
爬,1162
进来,1163
免费,1164
看来,1165
严重,1166
湿布,1167
清洁,1168
窗户,1169
毫无,1170
间断,1171
有空,1172
星期日,1173
能载,1174
值得,1175
厌倦,1176
老,1177
笑话,1178
一名,1179
美,1180
容易,1181
看出,1182
区别,1183
去世,1184
别无选择,1185
只能,1186
冒着危险,1187
不著,1188
有权,1189
友谊,1190
受到,1191
考验,1192
早餐,1193
喝牛奶,1194
消息,1195
接,1196
绑匪,1197
迹象,1198
信,1199
日语,1200
译成,1201
案件,1202
短时间,1203
内,1204
秋天,1205
搬到,1206
试,1207
三次,1208
尽快,1209
出租车,1210
镇里,1211
一生,1212
不常笑,1213
贝加尔湖,1214
最深,1215
湖泊,1216
演讲者,1217
精彩,1218
演说,1219
留下,1220
深刻,1221
印象,1222
全神贯注,1223
有些,1224
反对,1225
意见,1226
来说,1227
来自,1228
停止,1229
射击,1230
位子,1231
看过,1232
铁塔,1233
婚礼,1234
举行,1235
貌似,1236
通缉令,1237
数学,1238
那事,1239
今天下午,1240
直行,1241
事故,1242
转角,1243
但愿,1244
吉他,1245
脑瓜,1246
灵,1247
辍学,1248
别人,1249
礼貌,1250
感激,1251
常有,1252
被选为,1253
市长,1254
茶水,1255
新书,1256
书名,1257
道歉,1258
门边,1259
旁,1260
这部,1261
迄今为止,1262
一部,1263
终于,1264
本该,1265
表是,1266
不来,1267
实际上,1268
我错,1269
寻求,1270
活着,1271
麻烦,1272
开灯,1273
看上去,1274
坐下,1275
强烈,1276
要是,1277
穿坏,1278
我刚,1279
早饭,1280
洗衣机,1281
生气,1282
时,1283
同龄,1284
屋顶,1285
白鸽,1286
年龄,1287
足够,1288
班级,1289
最近,1290
卖场,1291
女朋友,1292
哭,1293
接受,1294
手术,1295
宁愿,1296
不吃,1297
护照,1298
偷,1299
眼镜,1300
戴上,1301
虐待,1302
动物,1303
清扫,1304
鄙视,1305
只要,1306
跟我来,1307
国会,1308
周二,1309
开会,1310
一块,1311
漂亮,1312
手表,1313
穿著,1314
高跟鞋,1315
钥匙,1316
仍然,1317
也许,1318
春天,1319
周三,1320
没课,1321
队伍,1322
红酒,1323
不合,1324
好好,1325
利用,1326
杰出,1327
人类,1328
唯一,1329
彼此,1330
交谈,1331
量量,1332
血压,1333
新闻,1334
不安,1335
令人难忘,1336
事件,1337
开车,1338
小心,1339
六,1340
呎,1341
喝醉,1342
军队,1343
占领,1344
整片,1345
领土,1346
伦敦,1347
全世界,1348
最大,1349
之一,1350
不怪,1351
拿到,1352
楼上,1353
课上,1354
怎样,1355
太嫩,1356
北极熊,1357
死去,1358
那位,1359
先生,1360
靠,1361
加拿大人,1362
就是,1363
命令,1364
黎明,1365
海啸,1366
警报,1367
解除,1368
几岁,1369
出发,1370
对不起,1371
将来,1372
艺术家,1373
第二个,1374
结婚,1375
并,1376
定居,1377
星期天,1378
树,1379
长,1380
草原,1381
马,1382
倒下,1383
脖子,1384
断,1385
开心,1386
误认为,1387
推销员,1388
有个,1389
被车撞,1390
女儿,1391
床,1392
床好,1393
五十,1394
美分,1395
会议室,1396
睡著,1397
几天,1398
站,1399
伙伴,1400
十分钟,1401
十一点,1402
搬,1403
两天,1404
多么,1405
想念,1406
记者,1407
批评,1408
忙于,1409
写,1410
那本,1411
曲棍球,1412
中国,1413
流行,1414
有望,1415
变晴,1416
门锁,1417
用少,1418
预算,1419
旅行,1420
小男孩,1421
一种,1422
世界性,1423
我要,1424
一遍,1425
丈夫,1426
显微镜,1427
望远镜,1428
差别,1429
违反,1430
黄油,1431
往往,1432
活得,1433
更长,1434
七八点,1435
症状,1436
清楚,1437
正面,1438
或许,1439
社交,1440
手上,1441
一朵花,1442
封信,1443
晚,1444
许多,1445
排队,1446
等候,1447
岁数,1448
你好,1449
头疼,1450
三天,1451
那真,1452
整洁,1453
吓,1454
蛋黄,1455
新鲜事,1456
两倍,1457
水果,1458
视为,1459
健康,1460
食物,1461
坦率地,1462
运动,1463
感兴趣,1464
剪刀,1465
不好,1466
他会,1467
公事公办,1468
再说,1469
比较,1470
忠告,1471
出门儿,1472
告知,1473
睡衣,1474
更新,1475
网站,1476
据说,1477
老房子,1478
闹鬼,1479
忘记,1480
花生,1481
美味,1482
几分钟,1483
温馨,1484
纸,1485
太甜,1486
歌手,1487
真蠢,1488
给出,1489
苦尽甘来,1490
个价,1491
弄掉,1492
早,1493
两点,1494
半,1495
打网球,1496
烤,1497
些,1498
脆饼,1499
网路,1500
连线,1501
切断,1502
心里,1503
充满,1504
快乐,1505
买点,1506
怕,1507
过来,1508
祈祷,1509
每件事,1510
细心,1511
看看,1512
邮票,1513
收藏,1514
挖,1515
洞,1516
很忙,1517
忍受,1518
这种,1519
痛苦,1520
除了,1521
雨天,1522
接到,1523
国外,1524
电话,1525
理论,1526
不到,1527
老鼠,1528
进洞,1529
事情,1530
跳,1531
栅栏,1532
两者,1533
四月,1534
春雨,1535
有害,1536
正待,1537
行走,1538
尖叫,1539
才刚,1540
搬进,1541
郁金香,1542
盛开,1543
放学,1544
阿姨,1545
真正,1546
绅士,1547
出卖,1548
聊到,1549
凌晨,1550
脱掉,1551
常常,1552
科学,1553
热情,1554
他会来,1555
一部分,1556
上楼,1557
谣言,1558
传播,1559
开来,1560
助手,1561
相信,1562
无辜,1563
昵称,1564
瞪,1565
正忙,1566
鼓励,1567
想像力,1568
参观,1569
啊,1570
耳聋,1571
利率,1572
通货膨胀,1573
折纸,1574
飞机,1575
门,1576
踢开,1577
用尽,1578
火柴,1579
目前为止,1580
无论,1581
男生,1582
周日,1583
做礼拜,1584
该国,1585
严禁,1586
进口,1587
稀有,1588
野生动物,1589
最终,1590
实行,1591
两只手,1592
抓住,1593
绳子,1594
急,1595
扔掉,1596
舅舅家,1597
湖里,1598
游,1599
泳,1600
一列,1601
午休,1602
一会儿,1603
胃痛,1604
这条,1605
裤子,1606
合身,1607
再待,1608
多久,1609
内建,1610
数位,1611
我太累,1612
活,1613
抵达,1614
以及,1615
享受,1616
考虑一下,1617
最坏,1618
情况,1619
下会,1620
1000,1621
请问,1622
路上,1623
顺便去,1624
寿司,1625
赞成,1626
属于,1627
一切正常,1628
久留,1629
保险柜,1630
帽子,1631
戏院,1632
碰面,1633
谎,1634
简单,1635
演奏,1636
管风琴,1637
贝多芬,1638
伟大,1639
音乐家,1640
相扑,1641
缺乏,1642
常识,1643
大量,1644
钱财,1645
通宵,1646
备考,1647
除,1648
以外,1649
歌唱,1650
星期,1651
几会来,1652
悄悄地,1653
纸条,1654
收到,1655
音讯,1656
说唱,1657
音乐,1658
做作业,1659
预感,1660
战斗,1661
星期二,1662
星期三,1663
带刺,1664
玫瑰,1665
掴,1666
脸,1667
讨厌,1668
星期一,1669
重新,1670
监视,1671
姊姊,1672
感冒,1673
鸟类,1674
庇护所,1675
强壮,1676
牛奶,1677
一盏,1678
旧,1679
等待,1680
某个,1681
公车,1682
票价,1683
越来越,1684
音乐会,1685
一队,1686
迷,1687
国家,1688
不缺,1689
石油,1690
力气,1691
选出,1692
官员,1693
山峰,1694
珠穆朗玛峰,1695
高度,1696
聚会,1697
坐,1698
很久以前,1699
美丽,1700
夕阳,1701
错话,1702
议论,1703
轮到,1704
资本,1705
倒闭,1706
猪,1707
特性,1708
相同,1709
所有,1710
电视,1711
时间表,1712
旗子,1713
升起,1714
解释,1715
场,1716
长久,1717
度过,1718
拔除,1719
杂草,1720
否认,1721
幸存,1722
浑身,1723
酸痛,1724
一把,1725
不称,1726
弓,1727
久,1728
猴子,1729
跳到,1730
身上,1731
上海,1732
人口数量,1733
相当,1734
意志力,1735
很强,1736
保持,1737
微笑,1738
愚蠢,1739
正要,1740
当作,1741
家伙,1742
不懂事,1743
他进,1744
看电视,1745
三明治,1746
晚睡,1747
骑,1748
辛苦,1749
枪杀,1750
那匹马,1751
成人,1752
我爱你,1753
其他,1754
邀请,1755
知名,1756
女演员,1757
椅子,1758
而已,1759
同学,1760
不让,1761
任何人,1762
木材,1763
可燃,1764
热爱,1765
和平,1766
尽量避免,1767
制造,1768
七点钟,1769
车站,1770
聊起来,1771
三点钟,1772
来接,1773
在意,1774
怎么样,1775
鲸鱼,1776
等到,1777
变为,1778
绿色,1779
留给,1780
工人,1781
中午,1782
十二点,1783
事真难,1784
天公,1785
作美,1786
或者,1787
选中,1788
家庭作业,1789
学医,1790
全盘考虑,1791
出去,1792
小屋,1793
干净,1794
又,1795
总,1796
与众不同,1797
唱片,1798
还好,1799
作业,1800
离不开,1801
不错,1802
五十岁,1803
学,1804
一门,1805
Wifi,1806
下次,1807
该轮,1808
改掉,1809
坏习惯,1810
选,1811
桃子,1812
很甜,1813
帮不了,1814
昨天早上,1815
外面,1816
起雾,1817
三十分钟,1818
财富,1819
看着,1820
资格,1821
拿来,1822
演讲,1823
江户,1824
时代,1825
赏月,1826
宴会,1827
受欢迎,1828
人会,1829
拆除,1830
落泪,1831
顺利,1832
无数,1833
星星,1834
天上,1835
闪烁,1836
禁止,1837
针对,1838
儿童,1839
广告,1840
样,1841
为荣,1842
新鲜,1843
草莓,1844
思考,1845
湿透,1846
威胁,1847
假定,1848
那会,1849
订房,1850
汤姆生,1851
气,1852
四十五分,1853
怕死,1854
跳舞,1855
万美元,1856
刚回到,1857
马比,1858
鹿强,1859
骂,1860
懒惰,1861
铐,1862
过去,1863
街上,1864
遇到,1865
想象,1866
刚好,1867
意思,1868
期间,1869
万一,1870
船运,1871
迟,1872
姓名,1873
信封,1874
犬,1875
学新,1876
诡计,1877
苍蝇,1878
蚊子,1879
干扰,1880
冥想,1881
富得,1882
好像,1883
玩得,1884
说谎,1885
消失,1886
其他人,1887
粗鲁,1888
尤其,1889
耐心,1890
雨,1891
赢,1892
只卖,1893
女鞋,1894
乐团,1895
失败,1896
一条,1897
连衣裙,1898
驾车,1899
连,1900
想都不想,1901
除掉,1902
核子武器,1903
请教,1904
这会,1905
绝好,1906
太吵,1907
从来不,1908
关于,1909
理所当然,1910
履行诺言,1911
此处,1912
禁止停车,1913
他家,1914
递,1915
毛巾,1916
大声,1917
接近,1918
通常,1919
饭后,1920
喝茶,1921
出过,1922
国,1923
售价,1924
红墨水,1925
接听,1926
约,1927
三十个,1928
交通堵塞,1929
耽搁,1930
圣诞礼物,1931
缓期,1932
执行,1933
最后,1934
关头,1935
课本,1936
染发,1937
火警,1938
长大,1939
五点钟,1940
面带笑容,1941
开玩笑,1942
关闭,1943
很小,1944
游得,1945
视力,1946
放,1947
轻松,1948
那种,1949
燃油,1950
表坏,1951
这颗,1952
气球,1953
绊住,1954
姑姑,1955
裙子,1956
功课,1957
半小时,1958
真糟糕,1959
挑战,1960
收获,1961
周游,1962
世界各地,1963
意义,1964
有钱,1965
天空,1966
变黑,1967
所以,1968
出席,1969
小看,1970
准时,1971
缺席,1972
剩下,1973
一点点,1974
海洋,1975
生物学家,1976
允许,1977
访问,1978
纪录,1979
脾气,1980
坏,1981
周年纪念,1982
非常感谢,1983
怀中,1984
熟睡,1985
煎饼,1986
拉下,1987
考虑,1988
从没,1989
想过,1990
计算机,1991
电池,1992
没电,1993
替,1994
住在一起,1995
差点,1996
溺水,1997
很差,1998
圣诞节,1999
快到,2000
两袋,2001
爆米花,2002
厕所,2003
冲水,2004
正常,2005
找零,2006
社的,2007
成员,2008
失望,2009
请来,2010
埃,2011
博拉,2012
通过,2013
体液,2014
喝酒,2015
画,2016
再试一次,2017
千叶,2018
球场,2019
给你个,2020
撞车,2021
是因为,2022
刹车,2023
手脚,2024
打嗝,2025
知识,2026
赶不上,2027
五年,2028
俱乐部,2029
留意,2030
方法,2031
袋子,2032
看不起,2033
我想,2034
天气情况,2035
而定,2036
还要,2037
五分钟,2038
普通,2039
上班族,2040
困死,2041
大约,2042
漆成,2043
痊愈,2044
鸭子,2045
空调,2046
可,2047
隐藏,2048
问问,2049
妻子,2050
收养,2051
我怕,2052
树上,2053
开个,2054
账户,2055
赶路,2056
五点,2057
德国,2058
出生,2059
肚子饿,2060
迷人,2061
女孩子,2062
上午,2063
大多数,2064
格式,2065
塔,2066
疗法,2067
休,2068
假,2069
上床睡觉,2070
关灯,2071
美好,2072
时光,2073
茶,2074
胃,2075
胀满,2076
磁带,2077
很少,2078
带给,2079
想见,2080
姐姐,2081
努力学习,2082
急性子,2083
老师,2084
火转,2085
小,2086
港口,2087
哪来,2088
无论如何,2089
志贺,2090
高原,2091
时会,2092
专注,2093
明年,2094
共事,2095
放到,2096
摩托车,2097
背上,2098
今年,2099
三十岁,2100
在我看来,2101
中餐,2102
没来,2103
糖,2104
药,2105
那幢,2106
被遗弃,2107
遵守,2108
一刻,2109
浪费,2110
这名,2111
男子,2112
抢走了,2113
包包,2114
幸福,2115
脚踏车,2116
双载,2117
危险,2118
尽量,2119
忘掉,2120
我见,2121
渡河,2122
条,2123
请用,2124
座,2125
家常菜,2126
太快,2127
一餐,2128
饥饿,2129
爱看,2130
打字,2131
不太可能,2132
姐妹,2133
一堂,2134
艺术课,2135
及时,2136
赶到,2137
爵士乐,2138
大概,2139
玛莉家,2140
森林,2141
安静下来,2142
兄弟姐妹,2143
踢足球,2144
几十个,2145
示威游行,2146
蓝,2147
前有,2148
人生,2149
依然,2150
喉咙,2151
看书,2152
鸟取,2153
八,2154
减去,2155
三,2156
五,2157
这块,2158
地毯,2159
手工,2160
制作,2161
几块,2162
这位,2163
老太太,2164
洗个,2165
澡,2166
能看懂,2167
德语,2168
上花,2169
研读,2170
收音机,2171
哭哭啼啼,2172
前夫,2173
真是,2174
借用,2175
笨蛋,2176
责备,2177
手电筒,2178
饿,2179
寒假,2180
令人满意,2181
试一下,2182
清扫车,2183
库,2184
运气,2185
谷歌,2186
假期,2187
傲慢,2188
特别强调,2189
恐怕,2190
安全,2191
担忧,2192
轻松愉快,2193
公事包,2194
文件,2195
损失,2196
一百万,2197
日圆,2198
海边,2199
一间,2200
大狗,2201
做错,2202
舒适,2203
移走,2204
腾出,2205
空间,2206
是否,2207
理解,2208
高须,2209
诊所,2210
人造黄油,2211
代替,2212
花比,2213
花早,2214
开花,2215
假装,2216
听见,2217
借支,2218
几点钟,2219
奉献给,2220
琼,2221
电话号码,2222
环球旅行,2223
想着,2224
塑胶,2225
制成,2226
为何,2227
想当,2228
多三倍,2229
钢琴,2230
一架,2231
上空,2232
飞行,2233
忽视,2234
预约,2235
看诊,2236
对面,2237
讲座,2238
很长,2239
即将,2240
调音师,2241
很多年,2242
女性朋友,2243
同志,2244
酒吧,2245
沉浸,2246
书里,2247
咄咄逼人,2248
对待,2249
他人,2250
莎士比亚,2251
作品,2252
难读,2253
白色,2254
阳伞,2255
风景,2256
陌生,2257
熨,2258
衬衫,2259
想来,2260
犯,2261
失误,2262
同,2263
借,2264
灰色,2265
西装,2266
服,2267
无期徒刑,2268
一支,2269
小麦,2270
做成,2271
啜泣,2272
再有,2273
盯,2274
发给,2275
宁可,2276
老虎,2277
规矩,2278
填写,2279
这份,2280
表格,2281
市中心,2282
回,2283
昨天晚上,2284
节目,2285
一年,2286
两次,2287
付,2288
完款,2289
那件,2290
好看,2291
往,2292
奶油,2293
国王,2294
处死,2295
女士,2296
问好,2297
潜心研究,2298
老实,2299
这事,2300
亚洲,2301
非洲,2302
修复,2303
暖气,2304
系统,2305
米饭,2306
肺癌,2307
那天,2308
车里,2309
流行音乐,2310
轻轻地,2311
移动,2312
它关,2313
来些,2314
牛肉,2315
等会儿,2316
听听,2317
桌布,2318
橱柜,2319
城堡,2320
河,2321
冰箱,2322
拿点,2323
糖尿病,2324
秘书,2325
炒,2326
四倍,2327
欧洲,2328
不规则,2329
动词,2330
英雄,2331
书放回,2332
原来,2333
对于,2334
三场,2335
葬礼,2336
别碰,2337
布满,2338
星辰,2339
依旧,2340
充满活力,2341
扔,2342
块,2343
石头,2344
打向,2345
鸟儿,2346
联络,2347
走向,2348
快要,2349
共,2350
侍二主,2351
菠菜,2352
不停,2353
恶劣,2354
汤,2355
到底,2356
怎么回事,2357
入室,2358
盗窃者,2359
趁,2360
旅游,2361
闯入,2362
不远,2363
50,2364
感觉得到,2365
柳橙,2366
卡拉,2367
加热,2368
冰它,2369
融化,2370
控告,2371
高尔夫球,2372
可能性,2373
首歌,2374
想家,2375
传闻,2376
礼物,2377
酷爱,2378
这艘,2379
雷达,2380
装备,2381
头,2382
撞,2383
一根,2384
柱子,2385
因为,2386
底下,2387
长时间,2388
国际,2389
玩笑,2390
大火,2391
烧成,2392
灰烬,2393
点钱,2394
发明,2395
高中生,2396
红旗,2397
代表,2398
存在,2399
是从,2400
照,2401
相,2402
搭帐篷,2403
蒙娜丽莎,2404
有着,2405
神秘,2406
一片,2407
比萨饼,2408
大雨,2409
既往不咎,2410
甜,2411
旧书,2412
不用,2413
强迫,2414
人去,2415
购物,2416
英文,2417
睡眠,2418
安详,2419
考试,2420
身体,2421
浪费时间,2422
金钱,2423
成长,2424
充足,2425
能量,2426
拍照,2427
整晚,2428
别吵,2429
沙特阿拉伯,2430
妇女,2431
罪魁祸首,2432
棒球队,2433
破坏,2434
教育,2435
来看,2436
会儿,2437
多数,2438
至少,2439
刷,2440
牙,2441
压力,2442
博物馆,2443
周一,2444
周五,2445
开门,2446
默默地,2447
哭泣,2448
酬劳,2449
很久没,2450
播出,2451
认真,2452
公正,2453
起立,2454
电影院,2455
挤满,2456
星期五,2457
傍晚,2458
地盘,2459
和蔼可亲,2460
八点,2461
路太窄,2462
通行,2463
做过,2464
母语,2465
移过去,2466
任何借口,2467
真坏,2468
藏,2469
床垫,2470
停车,2471
便宜,2472
起初,2473
散散步,2474
将会,2475
食欲,2476
拒绝,2477
提议,2478
教练,2479
走快,2480
UN,2481
拍拍,2482
肩膀,2483
一会,2484
指望,2485
用功读书,2486
赶上,2487
架飞机,2488
著陆,2489
交往,2490
几个,2491
月,2492
易,2493
患感冒,2494
教堂,2495
生活费,2496
太阳,2497
不亮,2498
剧院,2499
戏,2500
明显,2501
赚钱,2502
墙壁,2503
正有,2504
同班,2505
再也,2506
摸索,2507
打折,2508
仪式,2509
最先,2510
贵,2511
青少年,2512
主要,2513
巴黎,2514
罢工,2515
影响,2516
经济,2517
现代人,2518
仰赖,2519
竞选,2520
委员会,2521
相关,2522
调查,2523
进行,2524
蠢,2525
感谢您,2526
光临,2527
得太多,2528
跳入,2529
水中,2530
手枪,2531
目标,2532
边,2533
摧毁,2534
寺庙,2535
驾照,2536
人造,2537
皮革,2538
比不上,2539
真皮,2540
卡车,2541
辗过,2542
一个圈,2543
翻译,2544
不了,2545
转,2546
小声,2547
现金,2548
折扣,2549
在读,2550
全天,2551
小说,2552
橙子,2553
渴望,2554
好些,2555
出门时,2556
手帕,2557
聪明,2558
一本,2559
黄色,2560
超过,2561
八十万,2562
巴斯克语,2563
使用者,2564
意外,2565
丧生,2566
边境,2567
开水,2568
茶壶,2569
灌满,2570
家离,2571
进入,2572
客满,2573
价格,2574
好点,2575
路,2576
建,2577
两杯,2578
苹果汁,2579
盗版,2580
花园里,2581
打牌,2582
过头,2583
讲演,2584
摘下,2585
黑色,2586
冷,2587
一件,2588
毛衣,2589
海滩,2590
哪条,2591
牙膏,2592
办法,2593
主题,2594
错过,2595
大学毕业,2596
看法,2597
挣,2598
继承,2599
事业,2600
落水,2601
熄灭,2602
漫画,2603
举个,2604
例子,2605
极了,2606
别理,2607
伊拉克,2608
伊朗,2609
打败,2610
随地吐痰,2611
草地,2612
泪流满面,2613
信守,2614
承诺,2615
天才,2616
异常,2617
寒冷,2618
主意,2619
不行,2620
从小,2621
点事,2622
提升,2623
记忆力,2624
重,2625
肯定,2626
很晚,2627
才,2628
别忘了,2629
垃圾,2630
熬夜,2631
熬,2632
都行,2633
往下,2634
发觉,2635
婴儿,2636
霸王餐,2637
鸟,2638
哪个,2639
气候,2640
正忙着,2641
洋装,2642
选举,2643
一致,2644
非凡,2645
天份,2646
鸟叫,2647
发现,2648
盒子,2649
提出,2650
就要,2651
降落,2652
冷静下来,2653
偶然,2654
那家,2655
餐馆,2656
天暗,2657
二十位,2658
大好,2659
前途,2660
摆在,2661
面前,2662
山,2663
全年,2664
覆盖,2665
雪,2666
事是,2667
敲门,2668
铃声,2669
八点钟,2670
响起,2671
尽力,2672
打交道,2673
事实,2674
般的,2675
写信,2676
肥,2677
不止,2678
抛弃,2679
饿虎扑羊,2680
午餐时间,2681
想待,2682
远足,2683
睡不着,2684
觉,2685
仆人,2686
黑暗,2687
进餐,2688
光线,2689
指责,2690
爬树,2691
床单,2692
铺,2693
装置,2694
不去,2695
卧病在床,2696
虽然,2697
雇,2698
私人侦探,2699
看守,2700
炸,2701
何不,2702
早知如此,2703
包,2704
内能,2705
学到,2706
往前走,2707
科学幻想,2708
上周日,2709
生病,2710
没关系,2711
项目,2712
五楼,2713
音乐感,2714
不感兴趣,2715
做好,2716
五月,2717
初到,2718
大阪,2719
刮,2720
胡子,2721
这次,2722
溜出,2723
教室,2724
故意,2725
踩,2726
干什么,2727
多一些,2728
烤牛肉,2729
没法,2730
牵着,2731
这栋,2732
介绍,2733
多高,2734
包开,2735
搭,2736
商店,2737
各种,2738
香料,2739
下着雨,2740
鱼多过,2741
咬,2742
那些,2743
背叛,2744
信赖,2745
雨下,2746
很大,2747
屈服,2748
诱惑,2749
之下,2750
说明,2751
生鱼,2752
任务,2753
眼线笔,2754
桌上,2755
有张,2756
一幅,2757
选项,2758
哪部,2759
男孩子,2760
跑步,2761
发言,2762
完后,2763
袜子,2764
菜单,2765
噢,2766
藏身,2767
灌木,2768
以免,2769
赤脚,2770
树木,2771
抽芽,2772
奥运会,2773
开口,2774
银,2775
五岁,2776
以下,2777
全免,2778
能来,2779
笔记本电脑,2780
牛排,2781
几分,2782
熟,2783
新年,2784
真笨,2785
要花,2786
荷兰,2787
可不可以,2788
开幕式,2789
腿,2790
不难,2791
大叫,2792
张,2793
圆桌,2794
谁的车,2795
马力,2796
可爱,2797
辆车,2798
抓紧,2799
间,2800
正式,2801
职员,2802
造成,2803
损害,2804
这场,2805
爆炸,2806
瓦斯,2807
外泄,2808
引起,2809
单人房,2810
祝,2811
这架,2812
四十多岁,2813
本事,2814
面带,2815
大大的,2816
笑容,2817
招呼,2818
拿走,2819
锤子,2820
语法,2821
复杂,2822
花太,2823
可怕,2824
轻易,2825
先收,2826
思绪,2827
"""",2828
聪明人,2829
蛇,2830
不动,2831
榨,2832
柳橙汁,2833
枕头,2834
阁楼,2835
箱子,2836
警察,2837
粗心,2838
导致,2839
网球,2840
应,2841
侵犯,2842
喝点,2843
结案,2844
过得,2845
这点,2846
多次,2847
四点,2848
十分,2849
小镇,2850
高品质,2851
乐意,2852
多付,2853
伞,2854
今晨,2855
天使,2856
吉他手,2857
盖,2858
一栋,2859
新房子,2860
辛勤努力,2861
支,2862
俩,2863
表哥,2864
申请,2865
奖学金,2866
三个,2867
乳牛,2868
队,2869
赢得,2870
比赛,2871
宽度,2872
想像,2873
四个,2874
保护,2875
和善,2876
获人,2877
赠马,2878
打破,2879
挥,2880
受了伤,2881
议程,2882
白天,2883
充电,2884
我该,2885
唐人街,2886
吃晚饭,2887
他求,2888
求,2889
七次,2890
尽情,2891
善恶,2892
听不懂,2893
全新,2894
号,2895
房屋,2896
洪水,2897
冲走,2898
请带,2899
他划,2900
乡间,2901
牵扯,2902
事里,2903
老幼,2904
练习,2905
带到,2906
吼,2907
终身,2908
未娶,2909
这班,2910
如此,2911
拥挤,2912
以至于,2913
整个,2914
车程,2915
拥抱,2916
演员,2917
一班,2918
随意,2919
没人能,2920
乳酪,2921
检查一下,2922
不怕死,2923
躲,2924
草丛里,2925
做得好,2926
洗,2927
盘子,2928
两年,2929
了不起,2930
洋娃娃,2931
婶婶,2932
救护车,2933
直升机,2934
解救,2935
哪本,2936
挟,2937
包裹,2938
小菜一碟,2939
胡说,2940
缺乏经验,2941
较,2942
温度,2943
监控,2944
摄像头,2945
药会,2946
上面,2947
付钱,2948
青椒,2949
给予,2950
力所能及,2951
急著,2952
多云,2953
路过,2954
市政厅,2955
蛋黄酱,2956
电风扇,2957
想一想,2958
说些,2959
无聊,2960
记住,2961
祝您,2962
一路顺风,2963
会来,2964
四轮,2965
溜冰,2966
二,2967
撇子,2968
适用,2969
暗,2970
谋生,2971
他试,2972
短,2973
一整天,2974
成绩,2975
害羞,2976
他来,2977
留在,2978
希尔顿,2979
宾馆,2980
可惜,2981
狮子,2982
万兽之王,2983
母爱,2984
闻名,2985
处于,2986
深度,2987
昏迷,2988
状态,2989
真是太,2990
将要,2991
抢,2992
明确,2993
表示,2994
再来,2995
解雇,2996
玩游戏,2997
他开,2998
随身带,2999
顺道去,3000
书店,3001
流血,3002
不时,3003
难过,3004
国际象棋,3005
每首歌,3006
长期,3007
备受,3008
欢迎,3009
确信,3010
放火烧,3011
校舍,3012
腋下,3013
一流,3014
选手,3015
骄傲,3016
酷暑,3017
持续,3018
20,3019
现实,3020
因,3021
训斥,3022
富士山,3023
打鼾,3024
关上,3025
句子,3026
多来点,3027
点太多,3028
岛,3029
天堂,3030
醒醒,3031
一段时间,3032
观点,3033
非常简单,3034
如下,3035
擅长,3036
警告,3037
水是,3038
深深,3039
触动,3040
门太窄,3041
哪顶,3042
兴奋不已,3043
左手,3044
写字,3045
倒数,3046
得知,3047
坏消息,3048
金丝雀,3049
杀死,3050
意大利,3051
同盟国,3052
发言人,3053
评论,3054
极有,3055
攻击性,3056
弄,3057
搭便车,3058
钳子,3059
工具箱,3060
不得不,3061
提供,3062
出门,3063
守约,3064
戴假发,3065
犯错,3066
激动,3067
回去,3068
观察,3069
业余爱好,3070
这本,3071
包含,3072
成千上万,3073
外国人,3074
埋葬,3075
独生子,3076
回家路上,3077
捡,3078
推荐,3079
文件夹,3080
完全正确,3081
娶,3082
延期,3083
月球,3084
邮箱,3085
认出,3086
最蓝,3087
真重,3088
很脏,3089
适度,3090
身心,3091
焕然一新,3092
刀,3093
直接,3094
关系,3095
教师,3096
指着,3097
逻辑,3098
世上,3099
每,3100
毛毯,3101
不够,3102
去往,3103
一年四季,3104
温暖,3105
变老,3106
大半,3107
早晨,3108
整理,3109
好久不见,3110
历史,3111
兴趣,3112
握个,3113
和解,3114
第十课,3115
忙碌,3116
见过,3117
活生生,3118
怎么办,3119
钱币,3120
价值,3121
取决于,3122
金属,3123
重量,3124
保镖,3125
戴着,3126
耳机,3127
优秀,3128
篮球,3129
冰激凌,3130
洗手间,3131
繁星,3132
拿手,3133
一整夜,3134
几年,3135
搆,3136
令,3137
吃惊,3138
破,3139
呀,3140
你学,3141
哪种,3142
你长,3143
干,3144
傻事,3145
这支,3146
弹,3147
天书,3148
说不出,3149
做不了,3150
项,3151
生蛋,3152
玻璃,3153
花瓶,3154
有件事,3155
商量,3156
地球,3157
脸上,3158
满是,3159
泥,3160
他读,3161
服务台,3162
另外,3163
烦,3164
八点半,3165
上课,3166
求婚,3167
好多,3168
熟人,3169
几点,3170
会到,3171
从门,3172
传来,3173
办,3174
盛大,3175
激动不已,3176
没听说过,3177
前写,3178
第二次,3179
同样,3180
糊涂,3181
勉强,3182
企图,3183
自杀,3184
进攻,3185
防御,3186
一读,3187
午餐,3188
打猎,3189
别来,3190
谈过,3191
职业,3192
运动员,3193
体重,3194
很酸,3195
差事,3196
接手,3197
一眨眼,3198
提高,3199
音量,3200
时所,3201
来时,3202
柜子,3203
装潢,3204
冷饮,3205
包括,3206
挪不动,3207
多加,3208
做到,3209
这鱼,3210
三文鱼,3211
我付,3212
十美元,3213
这顶,3214
加拿大,3215
外甥女,3216
友情,3217
笼子,3218
蟋蟀,3219
野生,3220
肚子疼,3221
西班牙,3222
坏掉,3223
里加,3224
方向,3225
外,3226
暖和,3227
么,3228
女长,3229
不订些,3230
批萨,3231
住址,3232
打个,3233
折,3234
交朋友,3235
鞋底,3236
粘,3237
口香糖,3238
烫,3239
急于,3240
他学,3241
英国,3242
今天天气,3243
待在家里,3244
胃里,3245
千军万马,3246
咱们,3247
这幅,3248
过药,3249
噪音,3250
连针,3251
掉,3252
地上,3253
敌人,3254
一般,3255
法国人,3256
滑铁卢,3257
之役,3258
败仗,3259
住院,3260
一个月,3261
私下,3262
讲述,3263
旅馆,3264
游泳池,3265
报价,3266
数十,3267
失踪,3268
抽屉,3269
上锁,3270
馅饼,3271
牙龈,3272
误删,3273
睁,3274
任命,3275
经理,3276
清晨,3277
脱离,3278
不少,3279
五百名,3280
由,3281
收成,3282
街,3283
铺上,3284
柏油,3285
垒球,3286
很感兴趣,3287
寻找,3288
逃生,3289
途径,3290
匿名,3291
红十字,3292
捐,3293
大笔,3294
曾经,3295
食物中毒,3296
厨师,3297
遗失,3298
得出,3299
结论,3300
空姐,3301
残骸,3302
厌恶,3303
没说出,3304
舅舅,3305
担任,3306
看著,3307
还给,3308
撒盐,3309
但,3310
山有,3311
外形,3312
及,3313
以上,3314
发烧,3315
那首歌,3316
很会,3317
做菜,3318
无法忍受,3319
受苦,3320
堂兄,3321
前戒,3322
烟,3323
狐狸,3324
掉入,3325
同一个,3326
陷阱,3327
正好,3328
人满为患,3329
受,3330
惊吓,3331
烧鱼,3332
多余,3333
人能,3334
JST,3335
烧烤,3336
架上,3337
烤肉,3338
有关,3339
重视,3340
自身,3341
做一套,3342
人有,3343
黑斯廷斯,3344
战役,3345
战场,3346
手臂,3347
奶奶,3348
坐火车,3349
骗子,3350
士兵,3351
告辞,3352
一无所知,3353
吃些,3354
遗憾,3355
祖国,3356
篮子,3357
同胞,3358
一共,3359
约翰,3360
谈恋爱,3361
孤单,3362
不幸,3363
吃完饭,3364
喝咖啡,3365
杯,3366
一颗,3367
唱,3368
一首歌,3369
画画,3370
往返,3371
函馆,3372
私人,3373
钢琴课,3374
低成本,3375
换,3376
脱,3377
逐字逐句,3378
英文翻译,3379
日文,3380
只表,3381
物价上涨,3382
俄语,3383
亲,3384
十八岁,3385
剧场,3386
天黑,3387
真让人,3388
要死,3389
吵架,3390
止咳药,3391
三十年,3392
婚姻,3393
弹得,3394
困了,3395
哦,3396
更加,3397
下楼,3398
火山,3399
喷发,3400
讲慢,3401
篇,3402
信息量,3403
驾驶执照,3404
责任,3405
绘画,3406
守规矩,3407
建筑,3408
长生不死,3409
雨来,3410
区域,3411
天要,3412
变,3413
随著,3414
增长,3415
玩世不恭,3416
联盟,3417
想不到,3418
巧合,3419
蔬果,3420
平衡,3421
饮食,3422
必不可少,3423
逃离,3424
干嘛,3425
零食,3426
一组,3427
小区,3428
这笔,3429
偷东西,3430
温习,3431
问个问题,3432
乡巴佬,3433
好要,3434
订单,3435
打瞌睡,3436
上读,3437
胆小鬼,3438
改动,3439
讯息,3440
天里,3441
太高兴,3442
欢迎会,3443
古董,3444
眼光,3445
不穷,3446
很想,3447
日本料理,3448
生意,3449
获得成功,3450
软件,3451
不断,3452
进化,3453
致歉,3454
挺,3455
单词,3456
喂,3457
新来,3458
账,3459
办公桌,3460
旁站,3461
还会,3462
长靴,3463
迫害,3464
等等,3465
电工,3466
电话响,3467
期待,3468
来信,3469
空气,3470
煤,3471
并不一定,3472
算数,3473
丢掉,3474
开放,3475
店,3476
捉弄,3477
老人家,3478
好意,3479
相遇,3480
必然,3481
受伤,3482
偶发事件,3483
实用,3484
小狗,3485
狗会,3486
座位,3487
疯狂,3488
瓶子,3489
掉下来,3490
摔碎,3491
原料,3492
感受,3493
人群,3494
周围,3495
聚集,3496
政治,3497
我妈,3498
试图,3499
过河,3500
回忆,3501
呼叫,3502
嘲弄,3503
薪水,3504
房,3505
温室,3506
种植,3507
黑海,3508
事实上,3509
总让,3510
虫子,3511
这项,3512
随便,3513
采用,3514
不下雨,3515
则,3516
矣,3517
握紧,3518
铲子,3519
开幕,3520
大庭广众,3521
二楼,3522
地图,3523
所在,3524
果汁,3525
打包,3526
盒,3527
会变,3528
拘捕,3529
超重,3530
酒馆,3531
常客,3532
迷路,3533
双胞胎,3534
打得,3535
他射,3536
鹿一箭,3537
做生意,3538
借钱,3539
犹豫,3540
邻村,3541
我梦到,3542
游戏,3543
握住,3544
少,3545
抽烟,3546
必需,3547
商人,3548
公里,3549
洋葱,3550
土豆,3551
快些,3552
牛津大学,3553
一半,3554
烂,3555
痛,3556
社团活动,3557
从未,3558
富有,3559
那台,3560
一封信,3561
好棒,3562
打了个,3563
车去,3564
搞错,3565
干些,3566
没回,3567
射中,3568
走运,3569
她们,3570
美的,3571
留着,3572
最快,3573
试著,3574
我下,3575
一站,3576
下车,3577
每次,3578
露出,3579
眼神,3580
发行,3581
云,3582
私立学校,3583
下礼拜,3584
诗,3585
翻译成,3586
可乐,3587
即使,3588
入学考试,3589
客机,3590
班,3591
女生,3592
空,3593
一举成名,3594
守旧,3595
来到,3596
换种,3597
风暴,3598
推迟,3599
起程,3600
炎热,3601
潮湿,3602
懒散,3603
林肯,3604
承受,3605
有大,3606
太热,3607
自,3608
预测,3609
逃学,3610
警官,3611
灾难,3612
电视机,3613
周全,3614
车库里,3615
逼,3616
心情,3617
命题,3618
符合,3619
致死,3620
六人,3621
气色,3622
社会,3623
改革,3624
收集,3625
穿鞋,3626
街角,3627
脱鞋,3628
这不关,3629
变小,3630
嘛,3631
圣诞快乐,3632
起居室,3633
熊,3634
词,3635
别老,3636
好痒,3637
那本书,3638
从头到尾,3639
锕,3640
不爱,3641
鲑鱼,3642
淡水,3643
产卵,3644
宣布,3645
即将来临,3646
表示同情,3647
为生,3648
应对,3649
碰到,3650
回应,3651
我用,3652
幕后操纵,3653
逃跑,3654
日历,3655
挂,3656
墙上,3657
协助,3658
喝冷,3659
树干,3660
南北战争,3661
冷静,3662
报酬,3663
溜走,3664
围裙,3665
系,3666
腰,3667
麻将,3668
整年,3669
一打,3670
常见,3671
向导,3672
列车,3673
之外,3674
好玩,3675
重新考虑,3676
此事,3677
那栋,3678
面粉,3679
那么出色,3680
一家,3681
晴朗,3682
红茶,3683
普遍,3684
恐慌,3685
问题所在,3686
拜托,3687
管不住,3688
后天,3689
一夜,3690
学术,3691
造假,3692
容纳,3693
香蕉,3694
派,3695
相似,3696
摔倒,3697
欧洲人,3698
无礼,3699
伤心地,3700
汽水,3701
体育运动,3702
走开,3703
下面,3704
搞不懂,3705
辣,3706
点儿,3707
山巅,3708
无处,3709
可归,3710
前天,3711
火灾,3712
介意,3713
说服,3714
缺钱,3715
我来,3716
做点,3717
自助餐厅,3718
回家吧,3719
醒,3720
我些,3721
脉搏,3722
遵循,3723
多美,3724
求助,3725
绝对,3726
青蛙,3727
虚弱,3728
书画,3729
插画,3730
画家,3731
照相机,3732
念,3733
几年级,3734
解决办法,3735
智慧,3736
经验,3737
一家人,3738
成名,3739
十支,3740
竞逐,3741
奖项,3742
无需,3743
牙医,3744
流露,3745
感情,3746
抬,3747
书桌上,3748
上床,3749
睡得,3750
厌烦,3751
长篇大论,3752
传给,3753
患有,3754
骨质疏松症,3755
在场,3756
规定,3757
交上来,3758
作,3759
冷到,3760
员工,3761
疟疾,3762
传染,3763
湿,3764
观众,3765
深受感动,3766
母亲节,3767
计算,3768
行星,3769
距离,3770
难以置信,3771
此刻,3772
做饭,3773
面试,3774
永久,3775
再寄,3776
盲,3777
输,3778
毫无根据,3779
罪,3780
金钱万能,3781
醒来时,3782
别试,3783
探听,3784
此,3785
令人,3786
难以,3787
够,3788
火山灰,3789
阻碍,3790
航运,3791
晚些,3792
我试,3793
结成,3794
冰,3795
朵,3796
人造花,3797
十二月,3798
三十,3799
后来,3800
酸性,3801
腐蚀,3802
安排,3803
入座,3804
兴趣爱好,3805
果酱,3806
疯,3807
解决问题,3808
他病,3809
十门,3810
生产,3811
鹰,3812
翅膀,3813
好久没,3814
帆船,3815
可否,3816
劳驾,3817
劳碌,3818
阳台,3819
拍,3820
佛罗伦萨,3821
避免,3822
米价,3823
下跌,3824
邮局,3825
声明,3826
一辆车,3827
单身,3828
沿着,3829
河走,3830
段,3831
摔成,3832
碎片,3833
难以容忍,3834
盈利,3835
汤太烫,3836
书虫,3837
重伤,3838
借口,3839
星期六,3840
娃娃,3841
震动,3842
无赖,3843
误以为,3844
目的,3845
跟你走,3846
第二颗,3847
钮扣,3848
打仗,3849
初衷,3850
放风筝,3851
一轮,3852
勇敢,3853
不必要,3854
一首,3855
歌,3856
土壤,3857
听说,3858
有名气,3859
一九七二年,3860
十月十日,3861
有点累,3862
摆出,3863
一副,3864
胖,3865
杀,3866
笔,3867
鹿,3868
踪迹,3869
疑问,3870
两英里,3871
著急,3872
明智,3873
人要衣装,3874
没能,3875
领带,3876
围着,3877
要来,3878
带来,3879
飞行员,3880
扇门,3881
再过,3882
两,3883
三周,3884
确实,3885
靠左,3886
行驶,3887
有意思,3888
温泉,3889
最新,3890
时尚,3891
趋势,3892
行不通,3893
完信,3894
市区,3895
公车站,3896
牌,3897
它令,3898
刮胡子,3899
太棒了,3900
服用,3901
药物,3902
不深,3903
没醉,3904
沉默不语,3905
这得,3906
奴隶,3907
店里,3908
要钱,3909
挺蠢,3910
那狗,3911
眼是,3912
信过,3913
买车,3914
一手,3915
好菜,3916
适合,3917
毛病,3918
务必,3919
淡水鱼,3920
删除,3921
牙齿,3922
卡,3923
铁路,3924
公路,3925
平行,3926
大写字母,3927
开头,3928
真心,3929
输入,3930
密码,3931
承担,3932
后果,3933
喜不喜欢,3934
带我去,3935
慢点,3936
汇入,3937
太平洋,3938
很帅,3939
多亏,3940
冷夏,3941
抱,3942
事时,3943
活力,3944
竟然,3945
天真,3946
壮丽,3947
日落,3948
景色,3949
队长,3950
种,3951
天下,3952
无不,3953
散,3954
之,3955
筵席,3956
信息,3957
要生,3958
互相,3959
屈服于,3960
隐私,3961
按,3962
路子走,3963
著墙,3964
整天,3965
车盖,3966
套,3967
律师,3968
采取,3969
一顿饭,3970
病人,3971
报警,3972
紧急情况,3973
期望,3974
鬼,3975
发,3976
邮件,3977
送给,3978
身子,3979
胳膊,3980
胜,3981
雄辩,3982
桌旁,3983
举起,3984
右臂,3985
读报,3986
谢幕,3987
一句,3988
实话,3989
贪婪,3990
无故,3991
辞退,3992
学期,3993
负,3994
全责,3995
深夜,3996
分清是非,3997
别动,3998
魔鬼,3999
辩护士,4000
98,4001
零钱,4002
一元,4003
美金,4004
喊叫,4005
走极端,4006
湖上,4007
滑冰,4008
嘴巴,4009
相当于,4010
谈话,4011
匆忙,4012
喜爱,4013
起飞,4014
懦夫,4015
二十岁,4016
生,4017
第一个,4018
好美,4019
超速,4020
灵感,4021
毫无意义,4022
张开嘴巴,4023
闭上眼睛,4024
辞职,4025
染过,4026
脚痛,4027
补给,4028
再试,4029
无济于事,4030
PTA,4031
查,4032
词典,4033
交,4034
房顶,4035
胃口,4036
四分之三,4037
英里,4038
有棵,4039
松树,4040
太大,4041
雇用,4042
他作,4043
程式,4044
设计师,4045
十岁,4046
归功于,4047
好运,4048
多坏,4049
弄坏了,4050
锁,4051
不敢相信,4052
里面,4053
丰收,4054
无关紧要,4055
友好,4056
火鸡,4057
我点,4058
混在,4059
起得,4060
吐司,4061
上放,4062
蜂蜜,4063
忠厚老实,4064
不论,4065
丛林,4066
八成,4067
之内,4068
放晴,4069
带著,4070
摆脱,4071
毫无疑问,4072
明早,4073
忍住,4074
没空,4075
更亲,4076
尽兴,4077
烦死,4078
不带,4079
援助,4080
雪中送炭,4081
满足,4082
晚点,4083
城里,4084
古老,4085
打断,4086
顿饭,4087
充饥,4088
解饿,4089
好奇,4090
有用,4091
一叠,4092
试试,4093
密谋,4094
杀害,4095
挤过去,4096
地爱,4097
迟早会,4098
刷牙,4099
驾驶,4100
玩意儿,4101
比萨,4102
遵守规则,4103
沉默,4104
从现在起,4105
市立,4106
最低工资,4107
全力以赴,4108
系上,4109
安全带,4110
集邮册,4111
信号,4112
不假思索,4113
脱口而出,4114
产品,4115
称,4116
减肥,4117
独立,4118
弯曲,4119
右,4120
书桌,4121
狼,4122
保管,4123
三点,4124
歌曲,4125
哪首,4126
墙,4127
前到,4128
不太,4129
对方,4130
教授,4131
熟悉,4132
文化,4133
十九世纪,4134
年代,4135
萧条,4136
时期,4137
仅,4138
记忆,4139
保证,4140
酸雨,4141
现象,4142
主管,4143
人谈过,4144
面带微笑,4145
打招呼,4146
上网,4147
多才多艺,4148
广播,4149
他够,4150
目前,4151
好多天,4152
刷新,4153
百米,4154
短跑,4155
世界纪录,4156
逃过,4157
衰老,4158
表现,4159
门关,4160
进不去,4161
已,4162
踢,4163
砍伐,4164
非法,4165
关掉,4166
凄清,4167
孤独,4168
养活,4169
冲澡,4170
十二岁,4171
戒酒,4172
一旦,4173
养成,4174
二十四个,4175
罗马不是,4176
建成,4177
猜,4178
十年,4179
假设,4180
塞住,4181
尽可能,4182
声调,4183
看一看,4184
大自然,4185
做些,4186
入场费,4187
那时,4188
体温,4189
上升,4190
这歌,4191
设计,4192
本身,4193
恐惧,4194
愤怒,4195
迫不及待,4196
争论,4197
长着,4198
长长的,4199
短短的,4200
尾巴,4201
修好,4202
一个包,4203
缺少,4204
一楼,4205
惊呆,4206
公交车,4207
那事会,4208
傻,4209
外文,4210
中拥,4211
难题,4212
统治,4213
远,4214
瑞士,4215
位于,4216
法国,4217
立即,4218
送医,4219
皮肤,4220
光滑,4221
有三米,4222
深,4223
对此,4224
困住,4225
破例,4226
前来,4227
后后,4228
想起,4229
已故,4230
便,4231
交上,4232
班上,4233
人好,4234
班有,4235
祝你好运,4236
项链,4237
一口气,4238
吹灭,4239
生日蛋糕,4240
蜡烛,4241
碳酸,4242
咖哩,4243
重新启动,4244
天色,4245
判断,4246
稍后,4247
专业,4248
分辨,4249
瞒,4250
精神,4251
辛辣,4252
除非,4253
事先,4254
蜜月,4255
搬出去,4256
拉,4257
京都,4258
古庙,4259
冬天,4260
实在,4261
合适,4262
出色,4263
导游,4264
册子,4265
不怕,4266
汤碗,4267
猜想,4268
猫儿,4269
预料,4270
龙虾,4271
亮,4272
提了,4273
信用卡,4274
支付,4275
抱负,4276
不耐烦,4277
权利,4278
长得,4279
肚子,4280
饿极了,4281
吸烟,4282
一排,4283
每周,4284
棕色,4285
哟,4286
水在,4287
摄氏,4288
酒,4289
灌入,4290
瓶,4291
椭圆形,4292
一双,4293
季节,4294
缺,4295
勺子,4296
西,4297
蓝花,4298
电线,4299
用来,4300
运送,4301
电力,4302
一桶,4303
漆黑,4304
各国,4305
离家,4306
相簿,4307
走廊,4308
开了门,4309
幸运地,4310
往前,4311
积极主动,4312
冒犯,4313
科罗拉多州,4314
大农场,4315
雇佣,4316
庙里,4317
一边,4318
读过,4319
种类,4320
高楼,4321
不惜一切,4322
全都,4323
濒临,4324
物种,4325
圆,4326
搭公车,4327
新鲜空气,4328
究竟,4329
纸板盒,4330
百分之百,4331
可回收,4332
西班牙语,4333
这待,4334
粉刷,4335
二十,4336
美元,4337
向左转,4338
跑调,4339
想想,4340
一头,4341
母牛,4342
劝告,4343
事物,4344
一窝,4345
黄蜂,4346
袭击,4347
帝国,4348
大堂,4349
营销部,4350
负责人,4351
某人,4352
形,4353
公车上,4354
心意,4355
冒,4356
生命危险,4357
我花,4358
预期,4359
鞋,4360
当雨,4361
米,4362
公斤,4363
单位,4364
出售,4365
大家伙,4366
在线,4367
稍候,4368
答应,4369
六点钟,4370
送,4371
生日礼物,4372
特蕾莎,4373
修女,4374
授予,4375
诺贝尔奖,4376
顶嘴,4377
敢,4378
不久,4379
我待,4380
烂泥,4381
拽,4382
手肘,4383
办完,4384
事会,4385
优胜者,4386
寄信,4387
气温,4388
下降,4389
时机,4390
保持联系,4391
落,4392
他弹,4393
怀孕,4394
赞同,4395
开慢,4396
学得,4397
脸颊,4398
吻,4399
真信,4400
学好,4401
外语,4402
坚韧不拔,4403
毅力,4404
先行者,4405
沮丧,4406
没油,4407
既,4408
亲吻,4409
好日子,4410
碰,4411
枪,4412
不抱,4413
小雨,4414
收拾,4415
屋子,4416
杀手,4417
身份,4418
留,4419
便条,4420
白酒,4421
环游世界,4422
遥控器,4423
沙发,4424
硫磺,4425
燃烧,4426
蓝色,4427
火焰,4428
贪心,4429
胆怯,4430
救过,4431
温室效应,4432
虚构,4433
车子,4434
两百元,4435
含税,4436
镭,4437
居里夫人,4438
出国,4439
留学,4440
那为,4441
低于,4442
平均水平,4443
祖父,4444
尿床,4445
我认,4446
绝不,4447
接电话,4448
一见钟情,4449
太短,4450
不管,4451
喝完,4452
每天晚上,4453
没见,4454
爸,4455
英语水平,4456
仅够,4457
糊口,4458
专职,4459
固定,4460
收入,4461
一段,4462
长谈,4463
深呼吸,4464
有益健康,4465
严肃,4466
生下,4467
三四次,4468
乐趣,4469
航空,4470
邮寄,4471
纸牌,4472
把手,4473
麦克风,4474
吸取教训,4475
其实,4476
并不多,4477
架子,4478
张床,4479
强风,4480
暴雨,4481
雨淋,4482
聚财,4483
人家,4484
仅仅,4485
别胡说,4486
不仅,4487
数量,4488
不如,4489
质量,4490
巴士,4491
保重,4492
好时机,4493
纸烧,4494
老婆,4495
依靠,4496
竭尽全力,4497
讨好,4498
底特律,4499
工业,4500
而出名,4501
交通,4502
堵塞,4503
切除,4504
脂肪,4505
时说,4506
靠不住,4507
见见,4508
到处,4509
警察局,4510
穿过,4511
树林,4512
小路,4513
有件,4514
路会,4515
引,4516
观光胜地,4517
累坏,4518
个人电脑,4519
涨,4520
一倍,4521
叉子,4522
脏,4523
难民,4524
涌,4525
决策,4526
海绵,4527
吸水,4528
影片,4529
好极了,4530
租,4531
烦心,4532
五个,4533
有罪,4534
一个头,4535
归于,4536
工作日,4537
喝些,4538
吃水果,4539
嫌疑犯,4540
性别,4541
不明,4542
随着,4543
推移,4544
设,4545
抓,4546
火山湖,4547
生计,4548
每周六,4549
太多,4550
我订,4551
幚,4552
确认,4553
否定,4554
义务,4555
还债,4556
但是,4557
事儿,4558
我太忙,4559
樱桃树,4560
龄,4561
八年,4562
毫无价值,4563
夜以继日,4564
道路,4565
封闭,4566
老实人,4567
餐厅,4568
遭,4569
这罪,4570
保守,4571
猎人,4572
射杀,4573
五元,4574
签上,4575
体育,4576
无国界,4577
顺风,4578
谢,4579
真病,4580
注册,4581
健身房,4582
登山,4583
风从,4584
东方,4585
吹,4586
遍及,4587
全国,4588
出席会议,4589
一棵,4590
大树,4591
暴风,4592
羽毛,4593
通电话,4594
两周,4595
三倍,4596
洽商,4597
达成,4598
协议,4599
所说,4600
锁门,4601
符合条件,4602
五小时,4603
尝,4604
欺骗,4605
山上,4606
走来,4607
巨大,4608
怪物,4609
内用,4610
外带,4611
这张,4612
张好,4613
落榜,4614
三张,4615
能记,4616
原子弹,4617
滑雪,4618
样本,4619
纯净,4620
符号,4621
玩牌,4622
酒鬼,4623
三片,4624
尽力而为,4625
看重,4626
趴在,4627
方向盘,4628
钓到,4629
小女孩,4630
电话机,4631
树高,4632
遭雷击,4633
严格,4634
家具,4635
三辆,4636
嗑,4637
葵花籽,4638
嫁给,4639
整齐,4640
折好,4641
惹事,4642
并且,4643
淋浴,4644
单人间,4645
屋里,4646
清理,4647
积雪,4648
小孩子,4649
男孩儿,4650
酣然,4651
入睡,4652
捂住,4653
召开,4654
使人,4655
盲目,4656
漏洞,4657
这端,4658
牧师,4659
家中,4660
攻击,4661
主人,4662
亲戚,4663
箭头,4664
行进,4665
腼腆,4666
总要,4667
倔强,4668
尺寸,4669
浴室,4670
计量,4671
减价,4672
活动,4673
客厅,4674
嘲笑,4675
爷爷,4676
妨碍,4677
烧,4678
说过,4679
种瓜得瓜,4680
大半生,4681
踮,4682
脚尖,4683
元旦,4684
阿拉伯语,4685
右往,4686
左读,4687
股票价格,4688
跌至,4689
新低,4690
我累,4691
几十本,4692
猎,4693
用枪,4694
瞄准,4695
钩子,4696
这首,4697
曲子,4698
太难,4699
几本书,4700
挑三拣四,4701
它花,4702
他点,4703
最新版,4704
甘迺迪,4705
安葬,4706
阿灵顿,4707
公墓,4708
打架,4709
新学年,4710
画笔,4711
打到,4712
狡兔三窟,4713
兽类,4714
之王,4715
吸引,4716
有时候,4717
口误,4718
致命,4719
正式工,4720
临时工,4721
投了,4722
保险,4723
事太多,4724
情境,4725
从头开始,4726
演唱会,4727
彩票,4728
三瓶,4729
三月,4730
唱首歌,4731
小鸟,4732
听力,4733
对岸,4734
实际,4735
并不知道,4736
发脾气,4737
延长,4738
停留,4739
五天,4740
一瓶,4741
该信,4742
玩具,4743
昂贵,4744
常到,4745
户外,4746
革命,4747
北海道,4748
半要,4749
贷款,4750
金额,4751
取回,4752
干洗,4753
「,4754
跟踪,4755
阿司匹林,4756
那人,4757
真理必胜,4758
立方,4759
二十七,4760
囚禁,4761
筋疲力尽,4762
菜,4763
买下,4764
再累,4765
护士,4766
打碎,4767
玻璃杯,4768
显而易见,4769
出差,4770
豆腐,4771
很糟,4772
周六,4773
待久,4774
花费,4775
之中,4776
节日,4777
山丘,4778
转动,4779
好几个,4780
真有,4781
操控,4782
正是,4783
点心,4784
首都,4785
疏散,4786
整栋,4787
楼,4788
节省,4789
上路,4790
退休,4791
念头,4792
抢劫,4793
不劳而获,4794
开窗,4795
茬,4796
太冷,4797
唱歌跳舞,4798
自由式,4799
夏娃,4800
两辆,4801
方便,4802
外星人,4803
面临,4804
客人,4805
顾客,4806
止血,4807
过于,4808
性急,4809
匆匆忙忙,4810
找个,4811
练舞,4812
哮喘,4813
平常,4814
没事,4815
几号,4816
除草,4817
浇花,4818
愚弄,4819
恭喜,4820
门口,4821
婴孩,4822
撕掉,4823
钞票,4824
照著,4825
指示,4826
变量,4827
来杯,4828
废话,4829
你会弹,4830
好事,4831
逝世,4832
欣赏,4833
油漆,4834
脱落,4835
止住,4836
仇恨,4837
只鹰,4838
四天,4839
涂点,4840
防晒,4841
最差,4842
政府,4843
加大,4844
农业,4845
投资,4846
披萨,4847
多花点,4848
汉堡,4849
彻底,4850
羊毛,4851
裙,4852
我学,4853
碎玻璃,4854
充当,4855
平和,4856
曲奇,4857
十字路口,4858
右转,4859
减少,4860
百分之十,4861
毒品,4862
国际性,4863
那辆车,4864
静静地,4865
卧室,4866
分不开,4867
着想,4868
进取心,4869
悲伤,4870
嘀咕,4871
墓园,4872
万能,4873
开销,4874
花是,4875
吃饱,4876
常,4877
一套,4878
关东地区,4879
猎物,4880
蒙上,4881
一层,4882
灰,4883
锻炼,4884
肌肉,4885
最初,4886
看门人,4887
一艘,4888
小船,4889
欣喜若狂,4890
打不开,4891
就寝,4892
信箱,4893
起诉,4894
盗窃,4895
冷水,4896
暑热,4897
提神,4898
年,4899
懂事,4900
精通,4901
道理,4902
躺下来,4903
下定决心,4904
念书,4905
球拍,4906
举起手来,4907
坐飞机,4908
好久,4909
关注,4910
好话,4911
家有,4912
五口,4913
过夜,4914
一大,4915
罐,4916
惩罚,4917
降低成本,4918
水对,4919
保持沉默,4920
相识,4921
很久,4922
鲸,4923
埃菲尔铁塔,4924
卢浮宫,4925
一座,4926
桌前,4927
我前,4928
传真,4929
携款,4930
潜逃,4931
签名,4932
跳进,4933
坚持,4934
医学界,4935
影响力,4936
飞逝,4937
恐龙,4938
灭绝,4939
桶,4940
喝水,4941
获胜,4942
穿错,4943
没犯,4944
传开,4945
争议,4946
傻瓜,4947
全班同学,4948
语词,4949
表达思想,4950
贴,4951
我本应,4952
婉拒,4953
早安,4954
这篇,4955
作文,4956
差得远,4957
城,4958
犹太教,4959
堂,4960
公共汽车,4961
发车,4962
电话铃,4963
响,4964
正向,4965
绑架,4966
看不见,4967
等一等,4968
支笔,4969
摘花,4970
而且,4971
舞,4972
己经,4973
钟,4974
不住,4975
读懂,4976
恐怖,4977
飞碟,4978
尽全力,4979
洒,4980
调味,4981
灵魂,4982
恐怖电影,4983
右眼,4984
真瘦,4985
抵御,4986
入侵者,4987
众人,4988
名古屋,4989
大巴,4990
雨伞,4991
装,4992
情绪,4993
水来,4994
教养,4995
上次,4996
跳绳,4997
持久,4998
抽,4999
栏杆,5000
铁,5001
每晚,5002
谈判,5003
中止,5004
移民,5005
改了,5006
以便,5007
破产,5008
法案,5009
铁是,5010
两点钟,5011
进港,5012
掌握,5013
化学,5014
乐事,5015
两条,5016
沼泽地,5017
厨艺,5018
达到,5019
十三年,5020
以来,5021
最高点,5022
一千只,5023
纸鹤,5024
百万富翁,5025
收回,5026
普及,5027
分为,5028
部分,5029
第三次,5030
世界大战,5031
爆发,5032
红,5033
味道,5034
赤裸,5035
上身,5036
运转,5037
哪见,5038
降低,5039
能源需求,5040
情愿,5041
提案,5042
不干,5043
公开场合,5044
饼干,5045
形状,5046
噩梦,5047
山地车,5048
更改,5049
长寿,5050
幢,5051
六层,5052
四楼,5053
变胖,5054
书法,5055
程度,5056
高得,5057
何时,5058
现金支付,5059
水痘,5060
最早,5061
祈盼,5062
轮胎,5063
瘪,5064
令人兴奋,5065
同性恋,5066
靠近,5067
使出,5068
全力,5069
奔跑,5070
长裙,5071
乐队,5072
起步,5073
白费力气,5074
四周,5075
我租,5076
小时候,5077
词是,5078
说教,5079
信念,5080
强加在,5081
总统,5082
难接近,5083
真怕,5084
蜘蛛,5085
这伙,5086
下个星期,5087
不成器,5088
波斯顿,5089
五本,5090
军人,5091
履行,5092
补充,5093
代,5094
罗马,5095
古建筑,5096
打麻将,5097
墨西哥,5098
毯子,5099
按钮,5100
认可,5101
治疗,5102
尝试,5103
荒谬,5104
中小企业,5105
勒紧裤带,5106
存活,5107
彩虹桥,5108
闲着,5109
目击,5110
好喝,5111
亚马逊河,5112
支流,5113
多好,5114
幸存者,5115
会见,5116
器乐,5117
加班,5118
立场,5119
考虑看看,5120
风险,5121
悲剧,5122
缺点,5123
科幻小说,5124
John,5125
暖房,5126
嗓音,5127
事来,5128
纸巾,5129
那口,5130
锅,5131
擦干,5132
下班,5133
高大,5134
本意,5135
很傻,5136
摸黑,5137
南非,5138
论文,5139
改进,5140
订,5141
沾满,5142
血,5143
变冷,5144
连环,5145
我载,5146
成家,5147
愿景,5148
被困,5149
电梯,5150
神户,5151
禁不住,5152
姐弟,5153
不快,5154
购买,5155
冷冻,5156
战胜,5157
人活,5158
必定会,5159
觉察到,5160
再往,5161
火里,5162
添些,5163
木柴,5164
雪下,5165
很挤,5166
我换,5167
护林,5168
提示,5169
说实话,5170
横穿马路,5171
时要,5172
留心,5173
就业,5174
十个,5175
建立,5176
避难所,5177
辨别,5178
太阳眼镜,5179
剩,5180
发作,5181
受不了,5182
找事,5183
寄错,5184
水星,5185
愧疚,5186
写信给,5187
南极,5188
大陆,5189
车出,5190
尽管,5191
提问,5192
说得通,5193
瘦,5194
首先,5195
什么游戏,5196
多才,5197
电子邮箱,5198
供给,5199
要用,5200
做点事,5201
大幅,5202
暴风雪,5203
使得,5204
返回,5205
营地,5206
夫人,5207
值,5208
证实,5209
理想,5210
爹地,5211
冰冷,5212
爱我吗,5213
晚会,5214
再谈,5215
吹口哨,5216
大城市,5217
万事如意,5218
尝过,5219
作者,5220
樽,5221
你明,5222
昏昏欲睡,5223
带走,5224
掉落,5225
悬崖,5226
早就,5227
没命,5228
保存,5229
阴凉,5230
狼吞虎咽,5231
一顿,5232
带个,5233
一加,5234
等于,5235
两种,5236
加油,5237
热泪盈眶,5238
胶片,5239
乖孩子,5240
世界地图,5241
寄希望于,5242
翘,5243
二郎腿,5244
公共场合,5245
防弹衣,5246
匆匆,5247
走过,5248
配,5249
清酒,5250
嫌疑人,5251
钱来,5252
砸坏,5253
扇,5254
十七岁,5255
鱼子酱,5256
一等奖,5257
估价,5258
数百万元,5259
痴迷,5260
公寓,5261
子弹,5262
打死,5263
桶子,5264
未必,5265
赶时间,5266
酒驾,5267
游艇,5268
绕,5269
浮标,5270
航行,5271
这样的话,5272
放入,5273
房里,5274
现代,5275
科学技术,5276
听懂,5277
庙宇,5278
供奉,5279
神,5280
趴着睡,5281
腾,5282
信神,5283
视野,5284
奇幻,5285
友善,5286
爱情,5287
信号灯,5288
处,5289
多长时间,5290
朝,5291
葡萄,5292
修,5293
泡,5294
这狗屋,5295
迪士尼,5296
乐园,5297
推,5298
疯子,5299
熟食店,5300
多雨,5301
水稻,5302
银座,5303
搭乘,5304
地铁,5305
校园,5306
独轮车,5307
轮子,5308
再也不会,5309
上下学,5310
正方形,5311
角,5312
这起,5313
阻止不了,5314
吃光,5315
丰田,5316
福特,5317
喂狗,5318
熄灯,5319
派上用场,5320
信件,5321
傻子,5322
油墨,5323
快没了,5324
严格来说,5325
奖金,5326
存,5327
用餐,5328
隧道,5329
追上,5330
如,5331
无,5332
相片,5333
黎明前,5334
火势,5335
电动,5336
剃须刀,5337
注意力,5338
集中,5339
信上,5340
热点,5341
儿,5342
喝了酒,5343
呼吸,5344
青年,5345
旅舍,5346
每位,5347
会员,5348
每月,5349
需,5350
万日元,5351
数千,5352
人受,5353
疾病,5354
所害,5355
受邀,5356
主席,5357
总会,5358
乘,5359
决不,5360
没睡,5361
诚挚,5362
歉意,5363
旧闻,5364
屯,5365
夹克,5366
大厅,5367
衣柜,5368
自豪,5369
走出,5370
两者之间,5371
显著,5372
两门,5373
猜得到,5374
我长,5375
出租,5376
声称,5377
土耳其,5378
姓氏,5379
自由,5380
滑,5381
交代,5382
重复,5383
这句,5384
一声,5385
怪响,5386
杯子,5387
地板,5388
同事,5389
学些,5390
税,5391
我加,5392
好友,5393
刀子,5394
可用,5395
来切,5396
追求,5397
上周,5398
节食,5399
强调,5400
都市生活,5401
便利,5402
方面,5403
尾声,5404
着急,5405
张票,5406
三日,5407
有效,5408
停火,5409
答复,5410
第三课,5411
反对票,5412
过爱,5413
发疯,5414
当上,5415
部长,5416
变差,5417
先前,5418
矛尖,5419
浸,5420
毒药,5421
当过,5422
姑娘,5423
有事,5424
9,5425
事上,5426
取消,5427
了如指掌,5428
闻,5429
好香,5430
喔,5431
解开,5432
谜团,5433
带大,5434
这药,5435
副作用,5436
没减,5437
我新家,5438
宽敞,5439
撒,5440
展览,5441
镇有,5442
阿拉伯,5443
赤道,5444
半球,5445
痕迹,5446
逃走,5447
火是,5448
我录,5449
好人,5450
赌,5451
发胖,5452
五十年,5453
口信,5454
我望,5455
著海,5456
全家,5457
绵羊,5458
血型,5459
灯泡,5460
烧坏,5461
拿定主意,5462
信任,5463
创造,5464
主义,5465
伪科学,5466
带上,5467
无烟,5468
区,5469
长程,5470
旅途,5471
很累,5472
粗鲁无礼,5473
床铺,5474
疼痛,5475
难以忍受,5476
羞辱,5477
共同点,5478
听不见,5479
一群,5480
操场上,5481
手球,5482
骗过,5483
大得多,5484
应征,5485
暑期,5486
实习,5487
无所畏惧,5488
怎样才能,5489
大人,5490
追赶,5491
楼下,5492
夜空,5493
星光,5494
明亮,5495
爱着,5496
接种,5497
流感疫苗,5498
那有,5499
叫辆,5500
发完,5501
公众,5502
场合,5503
斯拉夫,5504
语让,5505
着迷,5506
车库,5507
废物,5508
含有,5509
铁质,5510
气压计,5511
凝视着,5512
您们,5513
吵,5514
信读,5515
篇文章,5516
大楼,5517
警惕,5518
爆炸物,5519
总算,5520
没人来,5521
捡起,5522
极端,5523
出去玩,5524
订婚,5525
凡事,5526
预先,5527
一滴水,5528
买不到,5529
泰国菜,5530
一针,5531
农夫,5532
锯子,5533
哪位,5534
作曲家,5535
尽,5536
所能,5537
沿著,5538
陡峭,5539
斜坡,5540
蜿蜒,5541
早晚,5542
先吃点,5543
服从命令,5544
真傻,5545
牛,5546
牧地,5547
草,5548
慢,5549
上待,5550
饭,5551
哈佛,5552
行为表现,5553
答完,5554
题,5555
休假,5556
弄伤,5557
他别,5558
多管闲事,5559
小型,5560
有机,5561
欲望,5562
混为一谈,5563
风景优美,5564
车票,5565
我病,5566
厉害,5567
八十一岁,5568
融合,5569
爵士,5570
摇滚乐,5571
假如,5572
程序,5573
性格,5574
在校,5575
名声,5576
书后,5577
见识,5578
见机行事,5579
锁上,5580
两只,5581
球,5582
胡扯,5583
任何事物,5584
社区,5585
第一名,5586
绿队,5587
停车场,5588
快用,5589
乘飞机,5590
玩笑话,5591
个人,5592
除臭剂,5593
短袖,5594
上衣,5595
球是,5596
宝贝,5597
大鱼,5598
划掉,5599
至关重要,5600
词汇,5601
花园,5602
蕃茄,5603
火腿三明,5604
治,5605
买来,5606
赝品,5607
溪流,5608
按时,5609
反锁,5610
蜜蜂,5611
这周,5612
言过其实,5613
转过身,5614
睁开,5615
起源,5616
违法,5617
远亲,5618
执业,5619
医师,5620
半左右,5621
余地,5622
整整,5623
太妙了,5624
最热,5625
两辆车,5626
到校,5627
态度,5628
重大,5629
东边,5630
喝一杯,5631
事要,5632
胡萝卜,5633
中央,5634
情报局,5635
问到,5636
中死,5637
哲学,5638
六个月,5639
能学,5640
太贵,5641
一面,5642
告发,5643
相仿,5644
静养,5645
快好了,5646
摸摸,5647
闹事,5648
指使,5649
逃不出,5650
前死,5651
海上,5652
繁星点点,5653
屁股,5654
来访,5655
逹,5656
确切,5657
未定,5658
复合,5659
碳水化合物,5660
咬了一口,5661
手里,5662
雨势,5663
分手,5664
每人,5665
坐地铁,5666
道,5667
羊,5668
医药费,5669
乘坐,5670
晕车,5671
没想到,5672
回信,5673
读读,5674
梦见,5675
公主,5676
偷掉,5677
钢琴家,5678
刮走,5679
海王星,5680
太阳系,5681
第八个,5682
守卫,5683
表停,5684
近,5685
两分钟,5686
这时候,5687
一惊,5688
大房子,5689
援手,5690
礼拜六,5691
注定,5692
指控,5693
测速,5694
男朋友,5695
有点像,5696
生态学,5697
老歌,5698
某种程度,5699
字,5700
叫做,5701
东京国际,5702
小提琴,5703
撞倒,5704
岩石,5705
合格,5706
申请人,5707
大石头,5708
面包房,5709
转变,5710
自我介绍,5711
跟我走,5712
再见面,5713
听过,5714
容器,5715
密封,5716
这太,5717
拿下,5718
行胜于,5719
言,5720
看不出,5721
迟早,5722
会用,5723
甩,5724
挖土,5725
木头,5726
外婆,5727
货物,5728
桌边,5729
体育馆,5730
打篮球,5731
积极,5732
日期,5733
浇,5734
完花,5735
上涨,5736
灌肠,5737
做法,5738
交流,5739
漏水,5740
很多遍,5741
满,5742
遏制,5743
怒火,5744
大脑,5745
投票,5746
弃权,5747
已婚,5748
刀子嘴,5749
永不,5750
叫作,5751
暑假,5752
达拉斯,5753
进过,5754
监狱,5755
暖,5756
那幅,5757
黑白,5758
咆哮,5759
出版,5760
发动,5761
引擎,5762
墨水,5763
写下,5764
发型,5765
三名,5766
兄长,5767
淋得,5768
全身,5769
万幸,5770
夜班,5771
放开,5772
高中学生,5773
过不去,5774
前进,5775
山崩,5776
阻断,5777
少年,5778
还行,5779
当场,5780
笔记本,5781
甚,5782
问过,5783
指甲,5784
足球赛,5785
煤矿,5786
遇到困难,5787
这钱,5788
分,5789
鹦鹉,5790
模仿,5791
不算什么,5792
便是,5793
把握,5794
千载难逢,5795
一开,5796
留下来,5797
日常生活,5798
中起,5799
作用,5800
肉价,5801
传遍,5802
各地,5803
臭鼬,5804
见证,5805
高中毕业,5806
南辕北辙,5807
河流,5808
滚出,5809
草坪,5810
查找,5811
生日派对,5812
各个方面,5813
电脑游戏,5814
推出,5815
一款,5816
柳丁,5817
维生素,5818
意面,5819
海伦凯勒,5820
眼盲,5821
外地,5822
重点,5823
确保,5824
涉入,5825
可全,5826
靠你了,5827
杂种狗,5828
哈哈,5829
指针,5830
逃课,5831
进展,5832
很远,5833
类型,5834
股票,5835
调低,5836
幸运,5837
大鱼吃小鱼,5838
中文,5839
结冰,5840
悉尼,5841
巨蛋,5842
钱存,5843
印度,5844
人口,5845
这片,5846
湖是,5847
课堂,5848
一扇门,5849
中肯,5850
电,5851
垄断,5852
戒掉,5853
赌博,5854
医疗保险,5855
礼拜,5856
苹果派,5857
每一项,5858
皮鞋,5859
远离,5860
电器设备,5861
拷贝,5862
咱在,5863
开溜,5864
当真,5865
空闲,5866
窗帘,5867
朝南,5868
以史为鉴,5869
咔哒,5870
安全帽,5871
进度,5872
架,5873
名单,5874
时后,5875
烦到,5876
第一班,5877
开到,5878
希尔顿酒店,5879
第一件,5880
调杯,5881
爱因斯坦,5882
下决心,5883
穿衣服,5884
布丁,5885
房间内,5886
提提,5887
口臭,5888
本应,5889
左转,5890
七十岁,5891
一醉方休,5892
无声电影,5893
对人,5894
邻居们,5895
开关,5896
近来,5897
短缺,5898
健谈,5899
章鱼,5900
小丸子,5901
敏感,5902
高中,5903
不敢,5904
液体,5905
摄影社,5906
恶心,5907
后门,5908
苹果树,5909
砍倒,5910
靴,5911
会谈,5912
二十五岁,5913
公司地址,5914
请发,5915
尽头,5916
碗碟,5917
臭,5918
挡风玻璃,5919
砸碎,5920
停下,5921
谦虚,5922
别进,5923
天赋,5924
晚年,5925
致力于,5926
自传,5927
坚强,5928
兴奋,5929
暗恋着,5930
熊会,5931
本月,5932
消耗,5933
定下,5934
携带,5935
风,5936
刮得,5937
太猛,5938
深色,5939
严厉,5940
斥责,5941
梦想,5942
说句话,5943
人死于,5944
飞翔,5945
覆盆子,5946
威士忌,5947
加水,5948
23,5949
农民,5950
播种,5951
研究,5952
学了,5953
据我所知,5954
种花,5955
交响乐团,5956
演奏会,5957
行程,5958
脏狗进,5959
油箱,5960
父母亲,5961
好莱坞,5962
一心二用,5963
外地人,5964
女子,5965
投给,5966
量,5967
太烈,5968
结了婚,5969
关,5970
饱,5971
冰岛,5972
丹麦,5973
胆子,5974
句句,5975
子,5976
模糊,5977
十点钟,5978
类似,5979
盛,5980
洗过,5981
镜子,5982
有多远,5983
黑市,5984
两滴,5985
眼泪,5986
滑落,5987
门上,5988
病倒,5989
十三岁,5990
读得,5991
清洗,5992
左边,5993
通道,5994
留存,5995
活儿,5996
噪声,5997
耶稣,5998
数字,5999
碰巧,6000
筷子,6001
三只,6002
大清早,6003
走著,6004
能否,6005
说出,6006
精确,6007
侦探,6008
阿拉伯文,6009
很困,6010
抚养,6011
下个,6012
做出,6013
参与,6014
犯罪,6015
八月,6016
套衫,6017
网,6018
排球,6019
费用,6020
不惜代价,6021
全家福,6022
低声,6023
刻,6024
第九,6025
页,6026
冷淡,6027
流眼泪,6028
别想,6029
老公,6030
两双,6031
支票,6032
恰巧,6033
获得,6034
优势,6035
方言,6036
平时,6037
分析,6038
两遍,6039
装作,6040
加上,6041
万圣节,6042
所愿,6043
挽,6044
矮小,6045
可是,6046
重病,6047
产,6048
好手,6049
微乎其微,6050
当成,6051
刀来,6052
芝加哥,6053
别胜新,6054
婚,6055
全写,6056
一盒,6057
倒,6058
喀布尔,6059
阿富汗,6060
家里人,6061
遗失在,6062
内衣,6063
工厂,6064
犯罪行为,6065
山里,6066
躲起来,6067
第二课,6068
简直,6069
烟雾,6070
种族歧视,6071
鲱鱼,6072
味,6073
五种,6074
惊住,6075
餐巾纸,6076
不在乎,6077
速度,6078
向往,6079
那话,6080
投降,6081
恨,6082
会派,6083
逗乐,6084
嫌疑,6085
拄,6086
拐杖,6087
好处,6088
40%,6089
善良,6090
聋子,6091
盲人,6092
搁浅,6093
优点,6094
倒霉,6095
身体健康,6096
上帝保佑,6097
特别喜爱,6098
炸薯条,6099
请客,6100
今日,6101
明日,6102
瞥,6103
浏览器,6104
取得,6105
胜利,6106
洗手,6107
不合情理,6108
两件,6109
小事,6110
方寸大乱,6111
太过分,6112
懂吗,6113
借来,6114
谋杀,6115
企划,6116
投入,6117
所知,6118
熨烫,6119
领子,6120
手大,6121
刊登,6122
策略,6123
伤害,6124
录用,6125
帮个,6126
冬季,6127
快来,6128
六只,6129
清,6130
不同点,6131
教书,6132
聚在一起,6133
优异,6134
分歧,6135
拘留,6136
小心翼翼,6137
抬起,6138
逐步,6139
康复,6140
一游,6141
证据,6142
四年,6143
咳嗽,6144
交换,6145
时不时,6146
信写,6147
越大,6148
越,6149
顽固,6150
睡觉时间,6151
昏迷不醒,6152
记日记,6153
滑了一跤,6154
楼梯,6155
摔下来,6156
车上,6157
无法形容,6158
十名,6159
逃狱,6160
平底锅,6161
凑份子,6162
褒贬不一,6163
新加坡,6164
做事,6165
共同之处,6166
干活,6167
自带,6168
洗碗,6169
避开,6170
打过,6171
贫穷,6172
谢谢您,6173
迅速,6174
回复,6175
似曾相识,6176
照相,6177
脑外科,6178
半个,6179
相爱,6180
楼里,6181
燃料,6182
抑郁,6183
认字,6184
男,6185
女,6186
六码,6187
布,6188
不知,6189
进食,6190
障碍,6191
市场,6192
人太多,6193
明信片,6194
队友,6195
材料,6196
短发,6197
瓜,6198
奖,6199
维也纳,6200
刚才,6201
吸毒,6202
乞丐,6203
我读,6204
一篇,6205
没到,6206
茄子,6207
着凉,6208
植物,6209
阳光,6210
笔比,6211
称赞,6212
迷你裙,6213
画里,6214
省油,6215
握,6216
网上,6217
好好看,6218
既要,6219
马好,6220
才华,6221
新建,6222
雨水,6223
摄影机,6224
请别,6225
只想,6226
睡点,6227
洗一洗,6228
搞砸,6229
音符,6230
趴着,6231
没干,6232
我困,6233
揭晓,6234
书中,6235
奥地利,6236
宁死,6237
罢了,6238
擦,6239
汗水,6240
化装,6241
数据,6242
表明,6243
带路,6244
餐,6245
街道,6246
灯亮,6247
冲动,6248
乌云,6249
征兆,6250
假花,6251
外衣,6252
三间,6253
重要性,6254
低估,6255
不管是谁,6256
总比,6257
童年,6258
事务,6259
发音,6260
远非,6261
被叫,6262
这记,6263
创作,6264
我己,6265
经,6266
干吗,6267
岸边,6268
履历,6269
延迟,6270
力量,6271
列,6272
禁烟,6273
融洽,6274
大意,6275
帮不上,6276
不可避免,6277
泳池,6278
五堂,6279
英语课,6280
伏特加,6281
写字台,6282
段落,6283
模糊不清,6284
游遍,6285
无知,6286
能数,6287
十,6288
订阅,6289
手指头,6290
刺,6291
没想,6292
批准,6293
矮,6294
贝尔,6295
需一,6296
两份,6297
前门,6298
不太想,6299
资料,6300
用处,6301
访客,6302
一户,6303
皆,6304
第二,6305
看些,6306
习惯于,6307
高于,6308
守时,6309
开着,6310
被迫,6311
杀掉,6312
几匹马,6313
侄女,6314
这仅,6315
图画,6316
视频,6317
落到,6318
地平线,6319
类,6320
生长,6321
热带地区,6322
条纹,6323
水平,6324
抽签,6325
幸会,6326
随心所欲,6327
八字,6328
借个火,6329
洗衣服,6330
那不关,6331
刷成,6332
这画,6333
心底,6334
不准,6335
负有责任,6336
牛可产奶,6337
商品,6338
布娃娃,6339
敲门声,6340
银和锡,6341
乱弄,6342
电是,6343
两三年,6344
山坡,6345
村屋,6346
测试,6347
点药,6348
贫民窟,6349
适应,6350
叮嘱,6351
食用,6352
香烟,6353
碾过,6354
送行,6355
周放,6356
夜间,6357
慷慨,6358
证券,6359
交易所,6360
上市,6361
信誉,6362
尊重,6363
私隐,6364
风停了,6365
拍手,6366
园艺,6367
可说,6368
动议,6369
简洁,6370
且,6371
击中要害,6372
丧失,6373
书籍,6374
经历,6375
很渴,6376
大军,6377
良好,6378
鬼魂,6379
作饭,6380
空屋,6381
尚未,6382
来临,6383
百万美元,6384
支表,6385
点击,6386
声,6387
招待,6388
CD,6389
糟,6390
褐色,6391
打扮,6392
每条,6393
规则,6394
例外,6395
不禁,6396
我敢,6397
黑狗,6398
白狗,6399
手断,6400
骨头,6401
讲讲,6402
眼前,6403
介入,6404
小屁孩,6405
没动,6406
紧急,6407
复苏,6408
午夜,6409
北部,6410
林子,6411
话语,6412
减轻,6413
深痛,6414
聊天,6415
天明,6416
白兰地,6417
修读,6418
竞争,6419
冠军,6420
我起,6421
沟通,6422
手段,6423
番茄,6424
公平,6425
领导人,6426
巴士站,6427
受罚,6428
总来,6429
喝得,6430
废除,6431
死刑,6432
金星,6433
卫星,6434
雨点,6435
打着,6436
就行了,6437
宠物,6438
多疑,6439
睡眠不足,6440
这道,6441
题目,6442
隔壁,6443
外表,6444
带回,6445
纪念品,6446
真是假,6447
1978,6448
六小时,6449
要服,6450
一朵,6451
四处,6452
示范,6453
插花,6454
艺术,6455
从下,6456
泄露,6457
不满,6458
两颊,6459
天助,6460
自助,6461
职位,6462
一模一样,6463
亲眼看见,6464
自学,6465
弄乱,6466
朵花,6467
走失,6468
视乔叟,6469
英诗,6470
之父,6471
沙,6472
买不起,6473
休闲,6474
不可,6475
没半,6476
毛钱,6477
每朵,6478
披著,6479
银衣,6480
代数,6481
无时无刻,6482
辩论,6483
外号,6484
无所谓,6485
买条,6486
平等,6487
理智,6488
飞往,6489
拐角,6490
舅母,6491
抛锚,6492
这使,6493
强大,6494
变瘦,6495
谋杀案,6496
牢里,6497
错得,6498
离谱,6499
方案,6500
时刻,6501
别为,6502
买花,6503
交易,6504
雨会,6505
农作物,6506
没起,6507
应得,6508
今天上午,6509
一点儿,6510
全知,6511
快餐店,6512
哈佛大学,6513
毕业,6514
围墙,6515
练,6516
不通,6517
前往,6518
一连串,6519
短绳,6520
系著,6521
花太多,6522
遮住,6523
视线,6524
一尊,6525
佛像,6526
高血压,6527
拉比,6528
短诗,6529
经营,6530
外贸,6531
多年,6532
死板,6533
上车,6534
十点,6535
三十分,6536
转角处,6537
树叶,6538
不肯,6539
没说,6540
十二次,6541
环游,6542
榨汁,6543
电能,6544
生产国,6545
露台,6546
挥手,6547
中央公园,6548
反,6549
戳,6550
太重,6551
固体,6552
敲,6553
紧闭,6554
这可真,6555
伤疤,6556
一停,6557
提前,6558
租金,6559
不渴,6560
闲暇,6561
没气,6562
除以,6563
二得,6564
震惊,6565
很穷,6566
丢脸,6567
不同之处,6568
影集,6569
呼吁,6570
开著,6571
巴西,6572
易学,6573
豪,6574
牛仔裤,6575
用力,6576
法庭,6577
谋杀罪,6578
名,6579
作出,6580
无罪判决,6581
哈得逊,6582
2010,6583
安顿,6584
磕碎,6585
下巴,6586
地下铁,6587
路线图,6588
隐约,6589
地有,6590
内疚感,6591
中见,6592
扒手,6593
出行,6594
牧草,6595
我藏,6596
款,6597
呈堂,6598
证供,6599
渴,6600
有架,6601
礼轻情意,6602
恢复,6603
用心,6604
首诗,6605
木质,6606
着火,6607
里学,6608
太晚,6609
亏损,6610
土星,6611
可行,6612
风筝,6613
机密,6614
打铁趁热,6615
深蓝色,6616
制服,6617
太多人,6618
清淡,6619
吹风机,6620
骑车,6621
有条理,6622
网路上,6623
之所以,6624
改善,6625
本周,6626
日,6627
聘请,6628
这真,6629
气体,6630
混合物,6631
提交,6632
报告书,6633
战士,6634
弱点,6635
情人眼里出西施,6636
一枝,6637
王子,6638
王位,6639
多钱,6640
嚼,6641
插手,6642
私生活,6643
连结,6644
木星,6645
充分利用,6646
旅行箱,6647
隐形眼镜,6648
生存,6649
迷住,6650
犯傻,6651
挡住,6652
表慢,6653
鲜花,6654
摔坏,6655
诺言,6656
逃避,6657
困,6658
省钱,6659
级别,6660
之上,6661
市,6662
第三章,6663
冲,6664
来过,6665
进口商品,6666
额,6667
出口商品,6668
养育,6669
你够,6670
乘客,6671
不能自已,6672
我碍,6673
100,6674
得通,6675
下山,6676
充分,6677
比白,6678
花钱,6679
渔村,6680
饮酒者,6681
禁入,6682
百闻不如一见,6683
复印,6684
稿,6685
原件,6686
会下,6687
记号,6688
八岁时,6689
不成,6690
橄榄球,6691
陪,6692
电炉,6693
继续下去,6694
闲空,6695
击出,6696
三垒,6697
安打,6698
昆虫,6699
胜任,6700
现代文学,6701
计算机科学,6702
大好机会,6703
防傻,6704
咱去,6705
耐性,6706
说来,6707
超声,6708
就绪,6709
下蛋,6710
读的书,6711
让我拿,6712
烤面包机,6713
拒绝接受,6714
放进,6715
笨重,6716
步行,6717
结局,6718
每星期,6719
去作,6720
健美操,6721
复合词,6722
应付,6723
太长,6724
瞧,6725
大使,6726
华沙,6727
召回,6728
湖,6729
警探,6730
犯罪现场,6731
落下,6732
一阵子,6733
听够,6734
谎话,6735
理发店,6736
巴西利亚,6737
松,6738
断然地,6739
进去,6740
经过,6741
病房,6742
姜黄,6743
菠萝,6744
阴影,6745
光明,6746
爱慕,6747
马路上,6748
那家伙,6749
洗脏,6750
忽然,6751
强有力,6752
预防措施,6753
润滑,6754
野心,6755
跟不上,6756
拼,6757
你老,6758
打游戏,6759
哪颗,6760
牙痛,6761
营业,6762
提到,6763
源泉,6764
迎接,6765
奶牛,6766
气氛,6767
准确,6768
评估,6769
航班,6770
延误,6771
雨衣,6772
他常,6773
引用,6774
米尔顿,6775
一巴掌,6776
发出,6777
巨响,6778
嘴里,6779
搞不清楚,6780
老式,6781
这所,6782
建于,6783
干过,6784
环境污染,6785
一鸟,6786
在手,6787
二鸟,6788
林,6789
一劳永逸,6790
穷小子,6791
干掉,6792
这区,6793
谦逊,6794
值得尊敬,6795
六十岁,6796
懒,6797
不常,6798
口中,6799
隔,6800
江,6801
别留,6802
你会,6803
开手,6804
排车,6805
课程,6806
掌上,6807
拯救,6808
星球,6809
圣诞老人,6810
帕,6811
克里,6812
奇,6813
学习外语,6814
很痛,6815
驱散,6816
斗殴,6817
闪电,6818
击中,6819
可别,6820
常说,6821
乱,6822
改,6823
亚美尼亚,6824
一个多,6825
奇迹,6826
初学者,6827
钱付,6828
带些,6829
蝙蝠,6830
新交,6831
村里,6832
村民,6833
看待,6834
学生证,6835
玫瑰花,6836
装饰,6837
胡同,6838
河在,6839
另一端,6840
营火,6841
剃,6842
腿毛,6843
诋毁,6844
亚马逊,6845
用户,6846
虚假,6847
沙滩,6848
非常少,6849
恶梦,6850
惊醒,6851
衷心感谢,6852
很酷,6853
要收,6854
服务费,6855
较之于,6856
玛丽和,6857
写错,6858
中出,6859
货品,6860
品质,6861
进步,6862
抱抱,6863
一棵树,6864
预定,6865
坐落于,6866
产生,6867
基因,6868
缺陷,6869
买辆,6870
拉得,6871
不是故意,6872
试探,6873
晒黑,6874
八个,6875
吃点,6876
窗外,6877
搞,6878
贴著,6879
要读,6880
纠葛,6881
完全同意,6882
装满水,6883
读腻,6884
车辆,6885
著名,6886
止不住,6887
葛林,6888
我想学,6889
怪人,6890
没理由,6891
害臊,6892
一封,6893
长信,6894
尽早,6895
至死,6896
惊喜,6897
起水泡,6898
通知,6899
子女,6900
奉,6901
领袖,6902
散发出,6903
香味,6904
他本,6905
百感交集,6906
中有,6907
三人,6908
美人,6909
光溜溜,6910
圆脸,6911
关上门,6912
乌云密布,6913
松开,6914
用功,6915
十四岁,6916
惹,6917
我取,6918
并育,6919
纠缠,6920
细枝末节,6921
正题,6922
月光,6923
致富,6924
能些,6925
签约,6926
卖完,6927
当今世界,6928
威严,6929
钻石,6930
叮,6931
刷墙,6932
咖啡色,6933
爸会,6934
大雪,6935
机器人,6936
失控,6937
早上好,6938
妒忌,6939
出城,6940
一顶,6941
名誉,6942
衣着,6943
成因,6944
耗费,6945
颇,6946
巨,6947
九点钟,6948
8,6949
天气预报,6950
嗅觉,6951
灵敏,6952
言行,6953
写文章,6954
拉链,6955
卡住,6956
脱下,6957
与否,6958
账单,6959
Australia,6960
”,6961
三思而后行,6962
素食主义者,6963
门开,6964
几位,6965
上个星期,6966
坠毁,6967
黄,6968
抗拒,6969
再犯,6970
那错,6971
挣点,6972
高估,6973
雪茄,6974
二十几岁,6975
人物,6976
中心,6977
日英,6978
钉子,6979
撕破,6980
在外,6981
足球队,6982
十一个,6983
组成,6984
灯灭了,6985
真想,6986
室,6987
蟾蜍,6988
滞纳金,6989
碰巧在,6990
同一天,6991
极限,6992
拉断,6993
消防队员,6994
扑灭,6995
每站,6996
英国文学,6997
庆祝,6998
找点,6999
地理,7000
众议院,7001
倒车,7002
没人要,7003
烧掉,7004
无意间,7005
消费,7006
开演,7007
相比,7008
二十年,7009
宽,7010
平日,7011
学者,7012
受害者,7013
不能取消,7014
冷得,7015
笑声,7016
最为,7017
虚度,7018
能撑,7019
最美,7020
发誓,7021
精力,7022
居住,7023
有利于,7024
数以千计,7025
点亮,7026
东拉西扯,7027
花中,7028
团队,7029
刀切,7030
冲浪者,7031
上船,7032
三块,7033
行,7034
扭伤,7035
脚踝,7036
笔迹,7037
多怪,7038
女友,7039
请记,7040
铃响,7041
茶匙,7042
搅,7043
自问,7044
毫不费力,7045
地想,7046
谜,7047
料到,7048
挨饿,7049
著为,7050
然后,7051
转为,7052
接骨木,7053
走慢,7054
减弱,7055
男性,7056
广告公司,7057
摔断了,7058
右腿,7059
落后,7060
原定,7061
极为,7062
贡献,7063
科学事业,7064
伤心,7065
叶子,7066
变红,7067
卫生,7068
晚到,7069
自闭症,7070
计较,7071
手腕,7072
敬业精神,7073
结婚典礼,7074
指示灯,7075
极少,7076
罪行,7077
显露,7078
懊悔,7079
罪恶,7080
事有,7081
线索,7082
收下,7083
非常高兴,7084
版面设计,7085
门都关,7086
子承父业,7087
留作,7088
那座,7089
生产日期,7090
盖子,7091
舔,7092
烟灰缸,7093
我哥,7094
甜甜,7095
圈,7096
我盖,7097
栋,7098
忠实,7099
粉丝,7100
乡下,7101
大致,7102
测验,7103
看不懂,7104
分开,7105
光看,7106
表面,7107
打开门,7108
我养,7109
卫生间,7110
高三,7111
英寸,7112
斗争,7113
丰富,7114
艰苦,7115
逆风而行,7116
缓慢,7117
入住,7118
高档,7119
弟兄,7120
相对,7121
停课,7122
毕加索,7123
小考,7124
做完作业,7125
那间,7126
真疼,7127
决心,7128
准会,7129
二月,7130
目睹,7131
醉酒,7132
证据确凿,7133
回头,7134
欲速则不达,7135
别问,7136
屏住,7137
请原谅,7138
鲁莽,7139
淹死,7140
说句实话,7141
这水,7142
服务生,7143
身边,7144
探险家,7145
洞穴,7146
骸骨,7147
新鞋,7148
很难说,7149
暴躁,7150
登广告,7151
不说,7152
开端,7153
份,7154
应验,7155
独自一人,7156
听风,7157
大不了,7158
滴答声,7159
散架,7160
洗头,7161
死胡同,7162
恐高,7163
英式,7164
更让人,7165
申请表,7166
坏话,7167
失踪案,7168
连续,7169
虚伪,7170
划船,7171
影子,7172
转过,7173
顺便,7174
讲件,7175
英文书,7176
镜,7177
映像,7178
可靠,7179
共用,7180
对话,7181
问起,7182
全部都是,7183
天生,7184
发色,7185
英俊,7186
脱口秀,7187
航空邮件,7188
取,7189
防微杜渐,7190
水干,7191
探视,7192
圣诞,7193
轻,7194
频繁,7195
一百,7196
公尺,7197
猜猜看,7198
沏,7199
险些,7200
根据,7201
圣经,7202
记载,7203
疼醒,7204
有益,7205
七,7206
男四女,7207
同岁,7208
他俩,7209
丰盛,7210
这锅,7211
墩,7212
汤闻,7213
时犯,7214
第一阶段,7215
治愈,7216
吓唬,7217
跑得快,7218
汇率,7219
状告,7220
赔偿损失,7221
中学毕业,7222
关键点,7223
过时,7224
政策,7225
沙拉,7226
退出,7227
人住,7228
长不高,7229
坏事,7230
桩,7231
嫉妒心,7232
靶子,7233
据,7234
炸弹,7235
炸死,7236
太醉,7237
荷兰语,7238
关系密切,7239
收支平衡,7240
照射,7241
载,7242
当选,7243
州长,7244
发动机,7245
报仇,7246
询问,7247
两位,7248
芦笋,7249
红绿灯,7250
环绕,7251
不适,7252
钢琴伴奏,7253
过程,7254
妈,7255
提,7256
一点钟,7257
过火,7258
有朝一日,7259
我选,7260
六十五岁,7261
一百多个,7262
尽力去做,7263
专心,7264
游客,7265
阿尔卑斯山,7266
我美,7267
白雪公主,7268
产品质量,7269
同等,7270
各位,7271
三号,7272
糖果,7273
上边,7274
一英里,7275
好得多,7276
尖锐,7277
大喊,7278
跑堂,7279
他活,7280
八十岁,7281
我同,7282
用钱,7283
角度,7284
无可否认,7285
相恋,7286
手举,7287
再试一下,7288
照亮,7289
远处,7290
馊,7291
团体,7292
一时间,7293
付给,7294
蛰,7295
不及格,7296
寄出去,7297
啥,7298
地以,7299
争吵,7300
温柔,7301
肩上,7302
听众,7303
仔细检查,7304
小册子,7305
占,7306
平抚,7307
汤匙,7308
浸入,7309
汤里,7310
辣椒,7311
染成,7312
鲜红,7313
舞者,7314
乌鸦,7315
飞走,7316
设想,7317
扫地,7318
左,7319
眼皮,7320
寄出,7321
万事开头难,7322
说得好,7323
慢慢,7324
魅力,7325
铃响后,7326
遇上,7327
总在,7328
说梦话,7329
发牢骚,7330
欲裂,7331
出口处,7332
收银台,7333
付款,7334
黑衣服,7335
不在意,7336
发光,7337
金子,7338
应当,7339
鬼屋,7340
顶,7341
修改,7342
人士,7343
骄兵必败,7344
实验,7345
羞愧,7346
坚持下去,7347
不对劲,7348
只花,7349
美国政府,7350
持有,7351
枪械,7352
花死,7353
激怒,7354
保龄球,7355
物美价廉,7356
强,7357
门铃,7358
教我如何,7359
商业,7360
二十多岁,7361
双,7362
蓝眼睛,7363
船起,7364
月蚀,7365
长度,7366
浪拍,7367
一年级,7368
巧妙,7369
利益,7370
行事,7371
太忙,7372
成群,7373
飞着,7374
记忆犹新,7375
微波炉,7376
记性,7377
装修,7378
沸水,7379
请画,7380
晃,7381
先河,7382
背,7383
人性化,7384
参与者,7385
大部分,7386
女性,7387
今早,7388
密友,7389
伸长,7390
右手,7391
奏鸣曲,7392
因得,7393
果,7394
太久,7395
名录,7396
原地,7397
这鞋,7398
海盗,7399
穷鼠,7400
囓狸,7401
小猫,7402
逐字,7403
餐具,7404
送回,7405
加,7406
油,7407
短暂,7408
树立,7409
好榜样,7410
自作自受,7411
再管,7412
无从,7413
许多年,7414
持之以恒,7415
口语,7416
边走边看,7417
晴转,7418
阵雨,7419
写诗,7420
起个,7421
腿部,7422
强健,7423
做作,7424
十二,7425
英镑,7426
重获,7427
中年,7428
胖女人,7429
富裕,7430
火花,7431
火药,7432
巧手,7433
哄,7434
没带,7435
心跳,7436
面向,7437
赠与,7438
上三楼,7439
卡卡,7440
橡树,7441
津巴布韦,7442
殖民地,7443
误会,7444
要亲,7445
夜晚,7446
无关,7447
请待,7448
犯了错,7449
数学老师,7450
黑板,7451
上画,7452
准时到达,7453
接着,7454
三种,7455
前见,7456
决不能,7457
混淆,7458
好怕,7459
脱逃,7460
加薪,7461
一千,7462
你会照,7463
画远,7464
水位,7465
好学,7466
晕,7467
不理,7468
队员,7469
失眠症,7470
羊毛衣,7471
冻僵,7472
甲,7473
蜜糖,7474
院子,7475
里种,7476
有毒,7477
好比,7478
大海捞针,7479
共赴,7480
听得见,7481
了结,7482
滚,7483
两千多年,7484
古墓,7485
容忍,7486
金窝银,7487
窝,7488
狗窝,7489
静谧,7490
冬夜,7491
留言,7492
合理,7493
落下来,7494
令人吃惊,7495
售票,7496
塑料,7497
不易,7498
现场,7499
鞋拔子,7500
柴火,7501
许可,7502
近照,7503
查明,7504
清醒,7505
日子,7506
硕士学位,7507
极小,7508
实地考察,7509
纯洁,7510
心,7511
弄坏,7512
埋,7513
张纸,7514
此法,7515
太累,7516
网络,7517
分享,7518
过多,7519
老少皆宜,7520
养狗,7521
石子,7522
第一天,7523
没意思,7524
并非,7525
免于,7526
用手,7527
戏剧社,7528
他换,7529
记不起来,7530
著要,7531
笔记,7532
过后,7533
百分之八,7534
收益,7535
弄湿,7536
前死于,7537
沸,7538
解,7539
家门,7540
压抑,7541
感,7542
卖得,7543
做好事,7544
人来,7545
夏威夷,7546
砍,7547
树枝,7548
电话簿,7549
汽车尾气,7550
在城镇,7551
污染,7552
投下,7553
只顾,7554
六七,7555
月份,7556
得不到,7557
想得到,7558
优雅,7559
更勤些,7560
这书,7561
关在,7562
男厕所,7563
切开,7564
挺难,7565
河是,7566
同时,7567
呼救,7568
土司,7569
而言,7570
本词典,7571
锋利,7572
麻,7573
并理,7574
冷风,7575
90,7576
小孩儿,7577
追溯到,7578
我想弹,7579
内有,7580
最长,7581
三分之一,7582
当中,7583
十多年,7584
违背,7585
意愿,7586
电话亭,7587
这台琴,7588
好多年,7589
没调,7590
过音,7591
坠入,7592
爱河,7593
圆珠笔,7594
集邮,7595
牙刷,7596
腰部,7597
膝盖,7598
厚厚的,7599
上星期,7600
体弱,7601
迅息,7602
万变,7603
滑板,7604
轮滑鞋,7605
开火,7606
表弄,7607
关联,7608
幽灵,7609
再大,7610
看望,7611
老是,7612
产量,7613
拼字,7614
标点符号,7615
全是,7616
海明威,7617
狩猎,7618
差,7619
图,7620
针管,7621
很淡,7622
定,7623
状况不佳,7624
奇妙,7625
一心两用,7626
文字游戏,7627
坐车,7628
书太多,7629
焰火,7630
壮观,7631
衣橱,7632
没主意,7633
具有,7634
传染性,7635
幼稚,7636
比雪,7637
白,7638
想不出,7639
点子,7640
震荡,7641
缘故,7642
大错,7643
这幢,7644
信守诺言,7645
六亿,7646
过牙,7647
埋怨,7648
钓过,7649
原处,7650
干旱,7651
六月,7652
马来西亚,7653
疲倦,7654
小木屋,7655
沐浴,7656
正当,7657
不择手段,7658
竟敢,7659
无话不说,7660
郊区,7661
记好,7662
教训,7663
我犯,7664
不许,7665
天色已晚,7666
目光,7667
相接,7668
重写,7669
详细,7670
扮演着,7671
角色,7672
通用,7673
一碗,7674
他装,7675
养老院,7676
美洲,7677
磅,7678
脸色,7679
发白,7680
闲聊,7681
某地,7682
越军,7683
退役军人,7684
背诵课文,7685
一堆,7686
爱情故事,7687
这汤,7688
请稍等,7689
妥协,7690
苦差事,7691
生鱼片,7692
请买条,7693
待会,7694
扶手椅,7695
逐出,7696
戴著,7697
姜味,7698
这别,7699
表弟,7700
电台,7701
最要,7702
没能念,7703
误解,7704
零下,7705
十度,7706
收受,7707
烛光,7708
园里,7709
花朵,7710
预兆,7711
自家,7712
瞟,7713
加糖,7714
光荣,7715
瀑布,7716
被捕,7717
从那时起,7718
试著用,7719
灭火器,7720
雾灯,7721
地下室,7722
苍白,7723
雾,7724
迷了路,7725
愿,7726
租房子,7727
木制,7728
比作,7729
训练,7730
空气质量,7731
恶化,7732
授之以,7733
惹恼,7734
好觉,7735
卖花,7736
骑士,7737
宣誓,7738
效忠,7739
归,7740
车是,7741
最小,7742
书上,7743
个别,7744
人才,7745
不累,7746
卷起,7747
袖子,7748
一个男孩,7749
这套,7750
设施,7751
齐全,7752
不佳,7753
此句,7754
歧义,7755
包装,7756
家务,7757
那场,7758
会议主题,7759
那段,7760
很能,7761
我爸,7762
皮夹,7763
化,7764
爱丽丝,7765
浓,7766
妆,7767
髪,7768
卧床不起,7769
后会,7770
私立高中,7771
哪一条,7772
路到,7773
谢意,7774
英文歌曲,7775
说来听听,7776
读唇语,7777
粮,7778
参加考试,7779
和服,7780
买得起,7781
挂号,7782
向门,7783
滥用权力,7784
兜风,7785
酒后,7786
夹,7787
白发,7788
鉴赏力,7789
超市,7790
要学,7791
打来,7792
手头,7793
河边,7794
公交车站,7795
舅妈,7796
车远,7797
原状,7798
粘着,7799
漫长,7800
燕子,7801
全看,7802
响亮,7803
吸引住,7804
差劲,7805
亲眼见到,7806
没水,7807
一所,7808
肥皂,7809
拼命,7810
收银员,7811
礼堂,7812
集合起来,7813
买块,7814
上司,7815
脱衣服,7816
补好,7817
凶,7818
副,7819
后见,7820
身后,7821
好的开始,7822
加快,7823
他仅,7824
有够,7825
第二次世界大战,7826
伪造品,7827
自然资源,7828
登月,7829
骗局,7830
运行,7831
穷人,7832
耗尽,7833
舞台,7834
此门,7835
讲究,7836
光,7837
膀子,7838
司法制度,7839
事弄,7840
尴尬,7841
吸尘器,7842
出狱,7843
吃不下,7844
鸡皮,7845
我来切,7846
酷似,7847
看病,7848
掩饰,7849
大热天,7850
两瓶,7851
橙汁,7852
基础,7853
劳动者,7854
受困,7855
场中,7856
我出,7857
工伤,7858
保持警惕,7859
长胡子,7860
国民,7861
历险,7862
掏出,7863
火场,7864
中救,7865
饭前,7866
傻到,7867
木匠,7868
工具,7869
昨天上午,7870
分数,7871
太小,7872
考得,7873
公开,7874
洗车,7875
叠,7876
准许,7877
考虑周到,7878
十二个,7879
涂些,7880
防晒霜,7881
编辑,7882
不订,7883
投诉,7884
大部份,7885
纯真,7886
旧车,7887
老头,7888
大海,7889
转校,7890
钻进,7891
嘈杂,7892
飞越,7893
松江,7894
七年,7895
国立大学,7896
体贴,7897
丧气,7898
二流子,7899
搭错,7900
不愿,7901
闲著,7902
吹来,7903
湿漉漉,7904
鱼类,7905
例如,7906
鲤鱼,7907
鳟鱼,7908
简短,7909
切中要害,7910
关小,7911
爱上,7912
樵夫,7913
同一,7914
一磅,7915
搜查,7916
英格兰,7917
香吻,7918
来运,7919
被告,7920
上级法院,7921
上诉,7922
授奖,7923
平方英里,7924
本世纪初,7925
妳,7926
他怕,7927
不难理解,7928
她化,7929
浓妆,7930
会回,7931
订购,7932
今年年底,7933
款项,7934
没人系,7935
步枪,7936
这倒,7937
有所,7938
成就,7939
孙子,7940
水池,7941
今儿个,7942
留守,7943
汤米,7944
艺术作品,7945
实验室,7946
配备,7947
名人,7948
人呆著,7949
她家,7950
记不住,7951
该名,7952
少女,7953
流氓团伙,7954
太多话,7955
土豆泥,7956
教学,7957
鸵鸟,7958
任,7959
寡欲,7960
耗油,7961
见得,7962
面,7963
我装,7964
心脏起搏器,7965
那太多,7966
掉头,7967
我份,7968
月底,7969
巫婆,7970
梯子,7971
倚著,7972
香港,7973
暂时,7974
小岛,7975
两座,7976
小村镇,7977
甜心,7978
八小时,7979
鬼点子,7980
走上,7981
正轨,7982
我开,7983
顶盖,7984
球手,7985
上当,7986
伤者,7987
送往,7988
个头,7989
秃头,7990
命运,7991
发生意外,7992
正义,7993
终将,7994
痛哭,7995
烦人,7996
吹掉,7997
抽出,7998
有益于,7999
大事,8000
却,8001
尝尝,8002
惹祸上身,8003
追随,8004
脚步,8005
退学,8006
女士们,8007
身着,8008
晚礼服,8009
古玩店,8010
偷懒,8011
来得及,8012
照着,8013
每周日,8014
逛行,8015
运通,8016
办事处,8017
开学,8018
空中,8019
讲清楚,8020
我无家,8021
可回,8022
里查,8023
换衣服,8024
酱料,8025
畏惧,8026
因人而异,8027
不转,8028
一员,8029
原宿,8030
打喷嚏,8031
几时,8032
带伞,8033
口,8034
欢笑,8035
河马,8036
铲,8037
布置,8038
著眼,8039
册,8040
图书,8041
好忙,8042
订书机,8043
滋味,8044
新西兰,8045
即刻,8046
过会,8047
碰见,8048
误导,8049
探头,8050
配有,8051
打搅,8052
管好,8053
姊妹,8054
那朵,8055
联系实际,8056
贫困潦倒,8057
一帆风顺,8058
换上,8059
最新款,8060
在乎,8061
耳鸣,8062
攀登,8063
安睡,8064
一月,8065
波兰,8066
促膝谈心,8067
不全是,8068
填上,8069
真理,8070
去不去,8071
没系,8072
扣子,8073
科幻,8074
离家出走,8075
那闻,8076
奶酪,8077
戏剧,8078
软体,8079
向着,8080
啃老族,8081
喝多,8082
省,8083
奴隶制度,8084
望著,8085
他前,8086
停放,8087
每隔,8088
快该,8089
新生,8090
舌尖,8091
会以,8092
为傲,8093
预备,8094
幽默感,8095
手续费,8096
遗言,8097
迁往,8098
泳衣,8099
换成,8100
更大,8101
一号,8102
查查,8103
不妨,8104
下厚霜,8105
难道,8106
太过,8107
不言自明,8108
探讨,8109
物理学,8110
拧干,8111
晾干,8112
几小时,8113
参见,8114
上文,8115
别笑,8116
食品,8117
犯人,8118
淡,8119
旅途愉快,8120
残忍,8121
整容手术,8122
天花板,8123
哥伦布,8124
情书,8125
吃了饭,8126
平息,8127
加温,8128
争执,8129
握手,8130
有力,8131
手机号码,8132
聊得,8133
永不言弃,8134
进城,8135
亲戚朋友,8136
枯死,8137
雪梨,8138
福利,8139
想不起来,8140
未经,8141
请勿,8142
柜台,8143
能少,8144
发点,8145
白日梦,8146
该选,8147
基本,8148
阴暗,8149
重建,8150
美貌,8151
表面性,8152
人要,8153
手提包,8154
一般而言,8155
茅屋,8156
解脱,8157
训练员,8158
过活,8159
祝福,8160
涨工资,8161
从雾,8162
洽谈,8163
业务,8164
移开,8165
中受,8166
劝,8167
两件事,8168
思维,8169
取名,8170
倒入,8171
两队,8172
硬仗,8173
特殊,8174
十七世纪,8175
彬彬有礼,8176
善解人意,8177
剥,8178
单行道,8179
逆向行驶,8180
按照,8181
手续,8182
几条,8183
偷走,8184
苦味,8185
射死,8186
大家庭,8187
校对,8188
表吧,8189
来读,8190
外有,8191
转移,8192
听从,8193
自私,8194
风格,8195
洗发水,8196
那事用,8197
扛,8198
迫切需要,8199
既然,8200
豆子,8201
十日,8202
收起,8203
签署,8204
谁给了,8205
势利,8206
我带,8207
要不是,8208
当初,8209
内战,8210
无稽之谈,8211
一分耕耘,8212
雨停,8213
诞生,8214
让出,8215
安心,8216
详细信息,8217
划线,8218
互相帮助,8219
报载,8220
光和热,8221
跑车,8222
鬼鬼祟祟,8223
遛,8224
兑水,8225
风俗习惯,8226
满月,8227
仍旧,8228
居然,8229
无证,8230
截止,8231
下周一,8232
高尔夫,8233
改天,8234
腻,8235
动怒,8236
和田,8237
湖以,8238
没在生,8239
人以,8240
时装,8241
天分,8242
空瓶,8243
捐赠,8244
请帖,8245
战时,8246
参军,8247
团,8248
能比,8249
UFO,8250
下星期,8251
被举,8252
任教,8253
十元,8254
多重,8255
啜饮,8256
热咖啡,8257
请进来,8258
因病,8259
饭馆,8260
服务员,8261
全速,8262
百货商店,8263
筹划,8264
绑,8265
丝带,8266
稍微,8267
新年快乐,8268
神奇,8269
比人快,8270
流畅,8271
署名,8272
驻,8273
冰上,8274
滑倒,8275
打一,8276
这酒,8277
吞噬,8278
你表上,8279
助理,8280
摇篮,8281
劳动成果,8282
失明,8283
睡午觉,8284
怪,8285
我路,8286
僵局,8287
大忙,8288
浴巾,8289
都市,8290
蟑螂,8291
DNA,8292
这棵,8293
遭到,8294
雷击,8295
真要,8296
独到,8297
见解,8298
祝贺,8299
一页,8300
刮脸,8301
学著闭,8302
某,8303
榜样,8304
不符,8305
介,8306
灯关,8307
小气,8308
加紧,8309
步伐,8310
多读,8311
点书,8312
国旗,8313
出岔子,8314
地点,8315
下去,8316
碰过,8317
嘴唇,8318
就别,8319
唇,8320
啦,8321
气象预报,8322
草稿,8323
耳垂,8324
号码,8325
历史课,8326
隐瞒,8327
乐观主义,8328
指,8329
上弹,8330
直升飞机,8331
头顶,8332
除法,8333
抓紧时间,8334
粉色,8335
漆,8336
离得,8337
电子,8338
前才,8339
太矮,8340
惊得,8341
目瞪口呆,8342
建了,8343
横跨,8344
大众,8345
穷困潦倒,8346
领会,8347
听得懂,8348
摇动,8349
这番话,8350
西边,8351
菜肴,8352
创立,8353
军事基地,8354
柄,8355
平锅,8356
一股,8357
芝士,8358
体重增加,8359
修房子,8360
最新型,8361
醒来,8362
啤酒瓶,8363
装些,8364
四十分钟,8365
下课,8366
共住,8367
王子真,8368
烹调,8369
鸡肉,8370
身旁,8371
触犯,8372
风雨无阻,8373
长途旅行,8374
强项,8375
墨汁,8376
用作,8377
染料,8378
图案,8379
这天,8380
吃午,8381
饭前洗手,8382
晋升,8383
仇敌,8384
洗耳恭听,8385
生性,8386
短裙,8387
正流,8388
汗,8389
那太,8390
乘火车,8391
重述,8392
玛利亚,8393
穿越,8394
繁忙,8395
买些,8396
新体验,8397
百分之八十,8398
资讯,8399
NTT,8400
活跃,8401
两寸,8402
拼写错误,8403
膳食,8404
大型超市,8405
游乐器,8406
腔,8407
很重,8408
海报,8409
意想不到,8410
过度,8411
封,8412
宣告破产,8413
木板,8414
字面上,8415
挪一,8416
挪,8417
日耳曼语,8418
滚出去,8419
闷闷不乐,8420
呼吸困难,8421
会坏,8422
古钱币,8423
杯酒,8424
中式服装,8425
穿点,8426
相配,8427
总有,8428
我留,8429
常在,8430
时看,8431
猫咪,8432
上帝,8433
打击,8434
4,8435
糕饼,8436
校区,8437
最贵,8438
为啥,8439
填,8440
推杆,8441
上山,8442
农田,8443
顶上,8444
幼年,8445
时学,8446
真帅,8447
不自在,8448
朝着,8449
驻留,8450
眼里,8451
赶出,8452
根源,8453
灯光,8454
胆固醇,8455
表出,8456
通电,8457
多常,8458
这批,8459
船只,8460
提早,8461
大门,8462
延长线,8463
那一刻,8464
银行贷款,8465
后弹,8466
佛教,8467
追,8468
捣碎,8469
大蒜,8470
命名,8471
慢跑,8472
就算,8473
露营,8474
摘,8475
我校,8476
校长,8477
手提箱,8478
三台,8479
几种,8480
说法,8481
可疑,8482
豫则立,8483
刮下,8484
靴子,8485
泥巴,8486
四匹,8487
请吃,8488
点菜,8489
物是人非,8490
六个,8491
假发,8492
木偶戏,8493
吓人,8494
留著,8495
小胡子,8496
无能为力,8497
树下,8498
博客,8499
屏蔽,8500
冲浪板,8501
社,8502
问路,8503
先打,8504
上起,8505
组装,8506
扬声器,8507
弥补,8508
我渴,8509
海里,8510
没人解,8511
谜题,8512
裹起来,8513
值钱,8514
物品,8515
乐器,8516
跳得,8517
他花,8518
一上午,8519
木,8520
围,8521
火车票,8522
独身,8523
一大笔,8524
财产,8525
直角,8526
九十度,8527
移出,8528
以往,8529
爱迪生,8530
跳蚤市场,8531
一个半,8532
偶遇,8533
姑母,8534
明晚,8535
心不在焉,8536
九,8537
炒鱿鱼,8538
闻到,8539
拆开,8540
灯由红,8541
变绿,8542
脚下,8543
耍,8544
咖啡店,8545
威尼斯,8546
花有,8547
独特,8548
气味,8549
倚,8550
登机,8551
有效期,8552
面包片,8553
夏季,8554
车停,8555
粉红色,8556
饭店,8557
契约,8558
签订,8559
几路,8560
怀基基,8561
胃会痛,8562
忍不住,8563
大笑,8564
真话,8565
Marie,8566
最佳,8567
解决方案,8568
事想,8569
那该,8570
冰淇凌,8571
良苦,8572
马车,8573
地问,8574
九岁,8575
香槟,8576
我造,8577
撕碎,8578
那张,8579
木椅,8580
整场,8581
放映,8582
寂寞,8583
堪培拉,8584
摔伤,8585
几家,8586
陶醉,8587
太阳升,8588
提名,8589
卡尔文,8590
讲解,8591
困境,8592
尘土,8593
唱个,8594
好孩子,8595
稻米,8596
几枚,8597
银币,8598
用奶,8599
查出来,8600
轻而易举,8601
脚趾,8602
到期,8603
百叶窗,8604
化学工厂,8605
有虫,8606
西瓜,8607
算,8608
我生,8609
挖苦,8610
过问,8611
静静的,8612
有过,8613
不怎么,8614
找出,8615
如今,8616
原子笔,8617
弓起,8618
无所不知,8619
动得,8620
想养,8621
水滴石穿,8622
书桌下,8623
意味着,8624
日出,8625
九十多岁,8626
来源,8627
果断,8628
素描,8629
收,8630
留个,8631
啥时候,8632
打赌,8633
展示,8634
行政长官,8635
收据,8636
以眼还眼,8637
以牙还牙,8638
今年夏天,8639
做够,8640
慢下来,8641
把头,8642
车顶,8643
得寸进尺,8644
直飞,8645
上周末,8646
闲逛,8647
官方消息,8648
总共,8649
中奖,8650
小点声,8651
胶水,8652
人影,8653
AI,8654
疲惫,8655
几杯,8656
或是,8657
泰,8658
唔,8659
士河,8660
山脚,8661
说起,8662
阖眼,8663
捡了个,8664
贝壳,8665
报名,8666
腰围,8667
起会,8668
占用,8669
不透气,8670
屋子里,8671
白费,8672
般,8673
化石,8674
有点儿,8675
独处,8676
电流,8677
磁性,8678
清晰,8679
气点,8680
我常,8681
喝无糖,8682
两堂,8683
理化,8684
动,8685
宁死不降,8686
两名,8687
负担,8688
不起,8689
那首,8690
观光,8691
古怪,8692
刮风,8693
工作人员,8694
弄清楚,8695
众所周知,8696
裁判,8697
拆,8698
面墙,8699
记不起,8700
书架,8701
齐平,8702
甜点,8703
将近,8704
摄像机,8705
危机,8706
五音不全,8707
潺潺,8708
愿望,8709
环境,8710
生和死,8711
传统,8712
那枚,8713
胸针,8714
丢失,8715
一百万美元,8716
资产,8717
美术馆,8718
桌下,8719
渔业,8720
鹰嘴豆,8721
果树,8722
浇水,8723
独子,8724
毁灭性,8725
州,8726
首府,8727
些许,8728
不多,8729
局势,8730
付诸实践,8731
文法,8732
远胜,8733
电影演员,8734
一度,8735
剑桥大学,8736
失业,8737
闹笑话,8738
竞赛,8739
脆弱不堪,8740
民主,8741
中心思想,8742
怀,8743
睡觉时,8744
扯,8745
杀人,8746
往常,8747
礼服,8748
引人注目,8749
新专辑,8750
离别,8751
八楼,8752
这边,8753
如愿以偿,8754
调味品,8755
去路,8756
烧开,8757
绿灯,8758
镶,8759
金戒指,8760
关爱,8761
胸中,8762
斗志,8763
寂静无声,8764
时伤,8765
晚一点,8766
萌,8767
雷劈,8768
开出,8769
出游,8770
培养,8771
要花费,8772
天一,8773
咽下,8774
那全,8775
幻觉,8776
室内,8777
受骗,8778
指纹,8779
路程,8780
往后,8781
游览,8782
服从,8783
紧邻,8784
怀里,8785
外貌,8786
蒙蔽,8787
添加,8788
苍鹭,8789
白蚁,8790
红薯,8791
木桌,8792
改不了,8793
复原,8794
咖啡馆,8795
天性,8796
让开,8797
生物,8798
猴,8799
几页,8800
除锈,8801
哪类,8802
小丑,8803
鬼脸,8804
认成,8805
母鸡,8806
性命,8807
开张,8808
递过来,8809
看点,8810
好书,8811
暑天,8812
这间,8813
工作勤奋,8814
中选,8815
别管,8816
没错,8817
正往,8818
马是,8819
固有,8820
一死,8821
陡坡,8822
能生,8823
牡蛎,8824
书要,8825
领入,8826
人待,8827
初次,8828
回收,8829
玛丽亚,8830
一整,8831
篮,8832
室里,8833
五位,8834
澄清,8835
紧紧抓住,8836
宝贵,8837
晚饭时间,8838
纽西兰,8839
氧气,8840
断断续续,8841
地下,8842
既会,8843
防水,8844
寿命,8845
台,8846
那花闻,8847
很香,8848
添麻烦,8849
平分,8850
聊胜于无,8851
编织,8852
傻得,8853
煤气,8854
退票,8855
角落,8856
德国人,8857
骑车去,8858
脑子,8859
好使,8860
表里,8861
白手起家,8862
饿死,8863
村子,8864
真该,8865
睡一觉,8866
一整瓶,8867
姓,8868
埃及,8869
年长,8870
深刻印象,8871
咖喱,8872
前男友,8873
屋,8874
地势,8875
第三节,8876
震撼,8877
有带,8878
免税商店,8879
眼,8880
茶叶,8881
tom,8882
地去,8883
好听,8884
推门,8885
新手,8886
医好,8887
一团糟,8888
记录下来,8889
正餐,8890
老幺,8891
指一,8892
指路,8893
光碟,8894
爆,8895
疼,8896
合,8897
转帐,8898
累死,8899
易读,8900
钟停,8901
裂开,8902
通情达理,8903
古典音乐,8904
定期,8905
竹子,8906
车陷,8907
泥里,8908
补,8909
化妆,8910
脸会,8911
修剪,8912
有风,8913
贸易,8914
射手,8915
长耳朵,8916
他亲,8917
额头,8918
两岁,8919
值班,8920
玩具兵,8921
从头到脚,8922
表演,8923
哈姆雷特,8924
叫声,8925
赶紧,8926
仪器,8927
校准,8928
自甘堕落,8929
夫妻,8930
手牵手,8931
授给,8932
逛逛,8933
镇,8934
包是,8935
雨下个,8936
单,8937
一趟,8938
初生之犊不畏虎,8939
走不动,8940
马拉松,8941
欺负,8942
三脚架,8943
该换个,8944
数以百计,8945
水牛,8946
湖边,8947
侮辱,8948
锯,8949
文明,8950
被动,8951
鹅卵石,8952
拄着,8953
里程碑式,8954
他会选,8955
奥克兰,8956
当官,8957
从早到晚,8958
偿还债务,8959
才女,8960
酒精,8961
含量,8962
外食,8963
难看,8964
典礼,8965
安家落户,8966
挂科,8967
洗牙,8968
进屋,8969
视,8970
爱是,8971
奴役,8972
制是,8973
危害,8974
指给,8975
打车,8976
地读,8977
西班牙文,8978
妳是,8979
两把,8980
四,8981
叉,8982
电报,8983
搞定,8984
溜冰鞋,8985
俗气,8986
而气,8987
挂钩,8988
工匠,8989
酱汁,8990
列表,8991
面条,8992
伊斯兰教,8993
传到,8994
信心,8995
亲眼看到,8996
猫叫,8997
收费,8998
夏休,8999
回乡,9000
献血者,9001
有家,9002
出乎意料,9003
迷茫,9004
加利福尼亚州,9005
内华达州,9006
相互,9007
接界,9008
感染,9009
大半辈子,9010
这鸟,9011
称呼,9012
降落伞,9013
期盼,9014
闪光灯,9015
谈到,9016
认作,9017
透露,9018
不公平地,9019
胸痛,9020
条件,9021
洞多深,9022
油管,9023
午睡,9024
希尔顿饭店,9025
钱会,9026
侄子,9027
几副,9028
墨镜,9029
翻个,9030
底朝天,9031
十几岁,9032
许下,9033
信成,9034
迟才,9035
软,9036
这一,9037
新人,9038
枯萎,9039
可观,9040
最深处,9041
失物招领,9042
处在,9043
河比,9044
报社,9045
身高,9046
走进,9047
泥地,9048
几只,9049
自我,9050
标志,9051
算你狠,9052
面包车,9053
忧郁,9054
程序员,9055
自给自足,9056
太响,9057
扶养,9058
为止,9059
卖车,9060
宰,9061
登出,9062
数码相机,9063
盖房子,9064
美国大使馆,9065
外交官,9066
气象学家,9067
说会,9068
有暴风雨,9069
太空,9070
中看,9071
几率,9072
几张,9073
你共住,9074
阵亡,9075
关火,9076
放假,9077
相亲相爱,9078
要些,9079
Basho,9080
太天真,9081
总体,9082
多行不义必自毙,9083
轮流,9084
变暖,9085
四季,9086
低价,9087
录像机,9088
光坐,9089
变糟,9090
多种,9091
特权,9092
威力,9093
红外线,9094
显现,9095
帐篷,9096
这队,9097
没响,9098
人孔,9099
没少,9100
依据,9101
闭嘴,9102
灵活性,9103
问候,9104
管束,9105
开导,9106
这帮,9107
人真,9108
绕行,9109
一百六十五,9110
绕著,9111
记录,9112
他选,9113
深思熟虑,9114
住口,9115
大调,9116
棕,9117
红白,9118
别像,9119
猛吃,9120
不足,9121
边走边谈,9122
轻微,9123
荒唐,9124
上当受骗,9125
冻冰,9126
漫画书,9127
私家侦探,9128
开发,9129
旅行社,9130
公民,9131
估计,9132
一做,9133
饮食习惯,9134
鞋垫,9135
本地人,9136
独裁者,9137
奏效,9138
水从,9139
破裂,9140
水管,9141
倾泻,9142
而出,9143
主任,9144
中午饭,9145
挣扎,9146
挤出,9147
这口井,9148
干涸,9149
看一遍,9150
早已,9151
动手术,9152
地铁站,9153
杰克森,9154
邻近,9155
糖和奶,9156
上见,9157
诅咒,9158
世界语,9159
一九四一年,9160
七日,9161
珍珠港,9162
今后,9163
一天天,9164
悬挂,9165
谨待,9166
复信,9167
总和,9168
躲雨,9169
亚美尼亚语,9170
印欧语,9171
海伦,9172
合伙人,9173
冷清,9174
抢救,9175
柠檬,9176
酸,9177
伯,9178
拉罕,9179
我休,9180
看得,9181
有股,9182
烟味,9183
两块,9184
红鞋子,9185
一大群,9186
巡游,9187
莫扎特,9188
不合理,9189
北京,9190
汤川,9191
博士,9192
科学研究,9193
计算器,9194
两封信,9195
罗素,9196
广场,9197
登,9198
废纸,9199
旷课,9200
边上,9201
篱笆,9202
随和,9203
凤凰,9204
城是,9205
亚利桑那州,9206
按计划,9207
旧鞋,9208
死人,9209
告密,9210
把酒,9211
解释一下,9212
海岸,9213
首歌曲,9214
要点,9215
冰冻三尺,9216
来场,9217
女巫,9218
指派,9219
甘心,9220
棵,9221
桃树,9222
总理,9223
在野党,9224
肝肠寸断,9225
打烊,9226
改正,9227
趁汤,9228
没凉,9229
喝下,9230
多远,9231
假如能,9232
狗狗,9233
世界末日,9234
12,9235
代表团,9236
日内瓦,9237
会面,9238
女主角,9239
告终,9240
输掉,9241
权力,9242
文身,9243
去掉,9244
睡下,9245
十天,9246
清了清,9247
推车,9248
性情,9249
算了,9250
弄脏了,9251
平静,9252
安宁,9253
入学,9254
价钱,9255
各,9256
义大利,9257
有车,9258
人情,9259
书合,9260
拖鞋,9261
去取,9262
叹,9263
口气,9264
油价,9265
卷入,9266
鼓掌,9267
逆流,9268
台湾,9269
口味淡,9270
期限,9271
报导,9272
拉下马,9273
坠饰,9274
购物单,9275
宗教,9276
相邻,9277
比去,9278
要远,9279
这床,9280
很沉,9281
还清,9282
负债,9283
片刻,9284
航海,9285
拍了拍,9286
船太大,9287
改邪归正,9288
同一时间,9289
辞掉,9290
正职,9291
这么晚,9292
调大,9293
实属,9294
罕见,9295
分店,9296
好转,9297
他边,9298
走边,9299
依稀记得,9300
硬币,9301
好孤单,9302
住手,9303
皱纹,9304
慌张,9305
冰淇淋,9306
没收,9307
一阵,9308
知不知道,9309
脱光,9310
媳妇,9311
请假,9312
千万,9313
五美元,9314
花店,9315
胸上,9316
头骨,9317
绝,9318
转好,9319
讨人烦,9320
南美洲,9321
挤,9322
余生,9323
著手,9324
红帽子,9325
衬,9326
开动,9327
治感冒,9328
十间,9329
烧毁,9330
周到,9331
药店,9332
伤口,9333
平流层,9334
臭氧,9335
吸收,9336
紫外线,9337
太暗,9338
闭着,9339
并非如此,9340
论,9341
品脱,9342
汉语,9343
关窗户,9344
气压,9345
骡子,9346
放上,9347
一个个,9348
直奔,9349
目的地,9350
泪水,9351
面颊,9352
婚约,9353
竭尽所能,9354
忍著,9355
我折,9356
纸飞机,9357
鹳,9358
呕吐,9359
缺氧,9360
打哈欠,9361
潮流,9362
不同于,9363
亚历山大,9364
大帝,9365
巴比伦,9366
难受,9367
火箭,9368
发射,9369
花瓣,9370
浮在,9371
水面,9372
深吸,9373
寒流,9374
侵袭,9375
恩惠,9376
生物学,9377
作弊,9378
萧邦,9379
考,9380
砸,9381
节约用电,9382
小树,9383
人际交往,9384
只好,9385
安装,9386
天线,9387
中式,9388
扇子,9389
隐形,9390
无神论者,9391
两层楼,9392
简便,9393
借书,9394
研讨会,9395
这表,9396
舞鞋,9397
爸种,9398
拿错,9399
付得,9400
祝你成功,9401
吐,9402
药方,9403
太阳镜,9404
仪表板,9405
蜗牛,9406
生菜,9407
1848,9408
望出去,9409
与我无关,9410
难倒,9411
艺术品,9412
明星,9413
不信,9414
一来,9415
越久,9416
耽误,9417
小组,9418
船员,9419
远道而来,9420
患难见真情,9421
九月,9422
兑换,9423
旅行支票,9424
变暗,9425
烤箱,9426
里会化,9427
山城,9428
出院,9429
如用,9430
长不大,9431
土地,9432
要造,9433
西班牙人,9434
打盹,9435
没罪,9436
当水,9437
山间,9438
英尺,9439
琵琶湖,9440
相互理解,9441
促进,9442
夫妇,9443
十岁时,9444
孤儿,9445
果冻,9446
多吃点,9447
某种意义,9448
幸免于难,9449
我觉,9450
聚,9451
兽医,9452
皮,9453
削掉,9454
我进,9455
概念,9456
需求,9457
粉末,9458
车开,9459
冲破,9460
敌军,9461
防线,9462
晒,9463
出发点,9464
做时,9465
泡茶,9466
用到,9467
太薄,9468
此行,9469
头盔,9470
前些时候,9471
莴苣,9472
我祝,9473
生日快乐,9474
星期四,9475
编译,9476
惊恐,9477
大洞,9478
交给,9479
重演,9480
留疤,9481
吃药,9482
正经,9483
擦拭,9484
录音机,9485
数百万,9486
出错,9487
我作,9488
作出反应,9489
新机型,9490
能发,9491
音,9492
裁切,9493
纸张,9494
偶然间,9495
他全,9496
提速,9497
烹饪,9498
胖子,9499
猜猜,9500
开枪,9501
到时候,9502
享有,9503
美圆,9504
没戴正,9505
用户名,9506
加速,9507
祸不单行,9508
熄火,9509
灵光,9510
慈善机构,9511
航程,9512
汽车座椅,9513
要试,9514
他长,9515
混乱,9516
入场,9517
照耀,9518
长凳,9519
夜幕降临,9520
埋着,9521
财宝,9522
老先生,9523
立,9524
这肉,9525
明,9526
画有,9527
扮演,9528
大吃一惊,9529
起码,9530
我快,9531
昏倒,9532
脑袋,9533
沙哑,9534
不胜任,9535
这匹马,9536
关键,9537
高清,9538
吃掉,9539
指著,9540
这车,9541
跟随,9542
这回,9543
众口难调,9544
小组讨论,9545
大该,9546
他治好,9547
小声点,9548
没良心,9549
旅行者,9550
欢喜,9551
不已,9552
涂,9553
他面,9554
饥色,9555
爱过,9556
即便,9557
亿万富翁,9558
注意安全,9559
简而言之,9560
甜食,9561
讶异,9562
切成,9563
六等分,9564
摘下来,9565
等不及,9566
令人鼓舞,9567
听腻,9568
进口品,9569
如昔,9570
称职,9571
累积,9572
庞大,9573
蠢货,9574
购物中心,9575
6,9576
葫芦,9577
开小差,9578
找些,9579
消遣,9580
不知所措,9581
客户,9582
利息,9583
下毒,9584
在于,9585
意图,9586
否极泰来,9587
二分,9588
之三,9589
雇员,9590
蛋要,9591
闷热,9592
杰作,9593
固执,9594
抓伤,9595
一两天,9596
逛,9597
状况,9598
不遗余力,9599
堆,9600
你求,9601
长不出,9602
那头,9603
考试卷,9604
两面,9605
夹击,9606
申报,9607
毛,9608
皮大衣,9609
起而行,9610
多放,9611
不太能,9612
半年,9613
抨击,9614
蝴蝶,9615
敲竹杠,9616
稳定,9617
攀升,9618
春卷,9619
它会,9620
别处,9621
高峰,9622
哪座,9623
危殆,9624
我够,9625
出汗,9626
他累,9627
面对,9628
喝太多,9629
授权,9630
死后,9631
发现错误,9632
举,9633
付帐,9634
溅出,9635
奥斯卡,9636
颁奖典礼,9637
丑,9638
悬而未决,9639
文胸,9640
文档,9641
火龙果,9642
咨询,9643
妥善,9644
原版,9645
地笑,9646
在我心中,9647
华盛顿,9648
樱花,9649
真快,9650
只梨闻,9651
上去,9652
癌细胞,9653
扩散,9654
波斯猫,9655
哈利波,9656
特,9657
新片,9658
要输,9659
仙台,9660
待遇,9661
种族主义者,9662
作罢,9663
汽车配件,9664
对光,9665
流程,9666
叫法,9667
损坏,9668
枪击,9669
十二时,9670
碰头,9671
乘以,9672
脚印,9673
枪支,9674
馆子,9675
棍子,9676
沙上,9677
有志,9678
信是,9679
写给,9680
嫁,9681
免费入场,9682
看得懂,9683
搬上,9684
搬家,9685
拐错,9686
弯,9687
死脑筋,9688
枪射,9689
戒指,9690
字条,9691
镇子,9692
探望,9693
血液,9694
不关,9695
卖不卖,9696
急救箱,9697
抓著,9698
早地,9699
无意,9700
一行,9701
错车,9702
显得,9703
隶属,9704
哪家,9705
拍摄,9706
粗心大意,9707
店买,9708
蛀牙,9709
哈哈大笑,9710
拖拉机,9711
总数,9712
邮差,9713
入口处,9714
掉头发,9715
弹孔,9716
三棵,9717
老家,9718
勤奋,9719
打造,9720
第一印象,9721
千米,9722
地过,9723
地向,9724
大麦,9725
另一边,9726
第三季,9727
跌,9728
住宅,9729
木工,9730
雪停,9731
失信,9732
充斥,9733
情景,9734
保暖,9735
自称,9736
社会阶层,9737
一整套,9738
外来词,9739
迟交,9740
老得,9741
跳下来,9742
他仰,9743
轰炸,9744
许多次,9745
一程,9746
之源,9747
Ogai,9748
判决,9749
消防车,9750
深褐色,9751
释放,9752
毫无希望,9753
偷听,9754
制度,9755
朝九晚五,9756
鸡汤,9757
名义,9758
上市公司,9759
领导,9760
恰好,9761
那顶,9762
优质,9763
一醒,9764
知法,9765
懂法,9766
一窍不通,9767
桥下,9768
直至,9769
耻辱,9770
地面,9771
高低不平,9772
不辞而别,9773
山脚下,9774
全体,9775
吸引力,9776
背后,9777
后会有期,9778
上满,9779
不称职,9780
忠犬八公,9781
雕像,9782
伫立,9783
涩谷,9784
全靠,9785
前要,9786
野兽,9787
真怪,9788
市场占有率,9789
无视,9790
多糖,9791
景气,9792
炒股,9793
攒下,9794
一笔,9795
桌面,9796
快捷方式,9797
大嘴巴,9798
芬兰人,9799
很慢,9800
三票,9801
偷工减料,9802
有利,9803
吞咽,9804
咀嚼,9805
多贵,9806
走投无路,9807
以东,9808
三哩,9809
华尔滋,9810
舞曲,9811
辞去,9812
山穷水尽,9813
疑无路,9814
小老虎,9815
大猫,9816
衬衣,9817
纽扣,9818
吹嘘,9819
记,9820
那次,9821
存钱,9822
三份,9823
没多久,9824
值勤,9825
纸币,9826
投入使用,9827
会载,9828
极好,9829
雪停了,9830
电子辞典,9831
便于,9832
用不着,9833
失礼,9834
死者,9835
海关人员,9836
春假,9837
雪是,9838
头班,9839
出刊,9840
动机,9841
中暑,9842
新家,9843
红肉,9844
白人,9845
跟班,9846
活不下去,9847
想分,9848
无所事事,9849
垂,9850
签证,9851
分道,9852
而行,9853
万物,9854
灯变,9855
广受,9856
跳上,9857
精美,9858
插图,9859
动一动,9860
本上,9861
撕下,9862
长颈鹿,9863
领,9864
统一,9865
冰块,9866
这饭,9867
傲,9868
翻开,9869
三千块,9870
寻常,9871
吃饭时间,9872
过生日,9873
人权,9874
离手,9875
敏锐,9876
这方面,9877
布局,9878
有鬼,9879
最合,9880
放鞋,9881
图挂,9882
抱紧,9883
准点,9884
哥伦比亚政府,9885
大型,9886
构造,9887
倒水,9888
日夜兼程,9889
雨季,9890
最酷,9891
董事会,9892
学到老,9893
裁布,9894
绷带,9895
提包,9896
两首,9897
安可曲,9898
酸酸的,9899
周,9900
显摆,9901
晚十点,9902
查出,9903
词组,9904
甩掉,9905
几磅,9906
撕开,9907
易懂,9908
左移,9909
上镜,9910
能容,9911
轮椅,9912
弄断,9913
弦,9914
新娘,9915
主因,9916
代理人,9917
难学,9918
想会,9919
热得,9920
家乡,9921
零在,9922
岛上,9923
剪成,9924
作笔记,9925
礼,9926
老百姓,9927
步,9928
干脆,9929
断绝来往,9930
七大洲,9931
个情,9932
好不容易,9933
地游过,9934
趾高气扬,9935
韧性,9936
药局,9937
七层楼,9938
队输,9939
第一场,9940
那罐,9941
罐头,9942
古罗马,9943
好好学习,9944
编造,9945
一点一点,9946
地变,9947
小姐,9948
高低,9949
起伏,9950
理所应当,9951
查一查,9952
我国,9953
温带气候,9954
出身,9955
贫寒,9956
继续前进,9957
长子,9958
底部,9959
利润,9960
猛涨,9961
西德尼,9962
谢尔顿,9963
我教,9964
成年人,9965
UK,9966
人尽皆知,9967
几杯酒,9968
颗球,9969
情报,9970
专辑,9971
华氏,9972
大多,9973
随后,9974
人行道,9975
一枚,9976
鸡,9977
乘上,9978
拖走,9979
那鱼,9980
栖息,9981
水域,9982
别说,9983
有种,9984
追著,9985
船上,9986
花叫,9987
七个,9988
疤痕,9989
醒目,9990
数月,9991
奶昔,9992
书看,9993
更想,9994
金色,9995
点头,9996
以示,9997
几百,9998
过会来,9999
群鸟,10000
南翔,10001
互帮互助,10002
七折,10003
趁热,10004
第一次世界大战,10005
版,10006
先下手为强,10007
三条,10008
大革命,10009
仔细观看,10010
醉醺醺,10011
耶稣基督,10012
查理斯,10013
之名,10014
认得,10015
摄影师,10016
谎言,10017
狗摇著,10018
东山再起,10019
第二本,10020
面积,10021
要紧,10022
住处,10023
无理取闹,10024
回过,10025
头去,10026
不要紧,10027
应先,10028
口说,10029
坚固,10030
先为,10031
上菜,10032
赴约,10033
用大,10034
写写,10035
一岁,10036
谁种,10037
这棵树,10038
第一条,10039
第一排,10040
向右转,10041
准确性,10042
己愿,10043
觉着,10044
已知,10045
病毒,10046
蛋壳,10047
破碎,10048
分担,10049
花销,10050
关照,10051
太低,10052
投资者,10053
热水,10054
乘著,10055
独木舟,10056
向河,10057
下游,10058
吃腻,10059
多烟,10060
他用,10061
击球,10062
半山腰,10063
几间,10064
空房,10065
古刹,10066
摇摇头,10067
取悦,10068
应用,10069
美妙,10070
遵纪守法,10071
同住,10072
蚯蚓,10073
喝晕,10074
出价,10075
试验,10076
论证,10077
大不相同,10078
夸,10079
挑剔,10080
逃出,10081
柠檬茶,10082
公转,10083
两颗,10084
混合,10085
海,10086
伴奏,10087
现已,10088
挡,10089
不加思索,10090
石榴,10091
汁,10092
拨打,10093
好消息,10094
爱喝,10095
被盗,10096
复习,10097
许多种,10098
活到,10099
餐后,10100
供应,10101
手抖,10102
献,10103
过期,10104
七月,10105
词用,10106
意大利语,10107
镇压,10108
叛乱,10109
鸡毛蒜皮,10110
达成协议,10111
偷窃罪,10112
入狱,10113
早餐时间,10114
花卉,10115
人写,10116
值得尊重,10117
电视节目,10118
不良,10119
呻吟,10120
颤动,10121
录取,10122
天天,10123
不老,10124
打错,10125
罚款,10126
运作,10127
一月份,10128
喝汤,10129
发出声音,10130
滴雨,10131
头上,10132
塞纳河,10133
哪支,10134
球队,10135
宁,10136
猫头,10137
不为,10138
狮尾,10139
不读,10140
消化,10141
登记,10142
这堂,10143
手册,10144
南边,10145
很胖,10146
睁开眼睛,10147
来源于,10148
希腊语,10149
换乘,10150
点燃,10151
想住,10152
试穿,10153
卷进,10154
是非,10155
吸太多烟,10156
质疑,10157
结冻,10158
骑上,10159
一圈,10160
历史书籍,10161
正站,10162
洛杉矶,10163
空手,10164
赤拳,10165
野兔,10166
百货公司,10167
杂草丛生,10168
南部,10169
扫把,10170
第五,10171
煤炭,10172
产地,10173
通话,10174
钓,10175
五条,10176
洗头发,10177
汉堡包,10178
玩过,10179
我静,10180
一静,10181
眼下,10182
总得,10183
乐子,10184
次,10185
海水,10186
哪一,10187
古时候,10188
宣传册,10189
登记册,10190
喜剧演员,10191
头枕,10192
涌到,10193
夜里,10194
个性,10195
地忙,10196
能活,10197
作物,10198
别跟我,10199
暗箱,10200
操作,10201
四只,10202
魔术师,10203
波斯语,10204
请坐下,10205
哈里发,10206
塔是,10207
摩天大楼,10208
会帮,10209
在世,10210
俚语,10211
我记,10212
不得了,10213
个子,10214
险,10215
抓到,10216
走远,10217
美梦,10218
沏茶,10219
磨坊主,10220
逗人,10221
如约,10222
至,10223
慎重考虑,10224
遵从,10225
库存,10226
交际,10227
广,10228
那能,10229
本好,10230
补习班,10231
变化,10232
寒酸,10233
开源,10234
分成,10235
硬,10236
打动,10237
肿,10238
作证,10239
北半球,10240
误服,10241
外交,10242
旅游业,10243
缝纫机,10244
太紧,10245
林中,10246
瑞士人,10247
很蠢,10248
多于,10249
金发女郎,10250
一天到晚,10251
下一场,10252
六月份,10253
反感,10254
摔,10255
滴水穿石,10256
难免,10257
睁眼,10258
立马,10259
汉字,10260
打印机,10261
墨粉,10262
鼓,10263
换掉,10264
剪得,10265
他会弹,10266
买个,10267
信给,10268
过世,10269
教导,10270
太老,10271
反应,10272
一试,10273
吃纳豆,10274
细看,10275
舌头,10276
买到,10277
卧床,10278
翘课,10279
能干,10280
远比,10281
几门,10282
水坝,10283
水和电,10284
学过,10285
第,10286
观光客,10287
景致,10288
生态环境,10289
占上风,10290
会为,10291
不太会,10292
短篇小说,10293
妆化,10294
拍山,10295
眼不见,10296
不顾,10297
得主,10298
那树,10299
烦死人,10300
站立,10301
蔬菜汤,10302
船长,10303
直呼其名,10304
教学楼,10305
建设,10306
演出,10307
搁,10308
立志,10309
捐献,10310
不靠,10311
打字员,10312
高空,10313
弹跳,10314
旧村,10315
屋有,10316
碗盘,10317
珊瑚礁,10318
景点,10319
黑洞,10320
厨余,10321
喂给,10322
决不会,10323
形态,10324
密室,10325
黑夜,10326
撒哈拉沙漠,10327
广袤,10328
无垠,10329
溜,10330
其,10331
少有,10332
突显,10333
未雨绸缪,10334
地快,10335
不吸,10336
大麻,10337
牵强,10338
严寒,10339
探访,10340
这口,10341
井里,10342
好鞋,10343
刮起来,10344
有借有还,10345
歇歇,10346
闹铃,10347
喉咙痛,10348
个小得,10349
易于,10350
曲膝,10351
手掌,10352
高速公路,10353
糟透了,10354
彻底改变,10355
带你去,10356
深及,10357
X,10358
叙述,10359
片语,10360
抹,10361
妈咪,10362
侍酒,10363
冷却,10364
产生误解,10365
堂姊妹,10366
家庭医生,10367
直视,10368
运营商,10369
来电,10370
接通,10371
爬起来,10372
时局,10373
鼓舞,10374
濒危,10375
坚定,10376
浓咖啡,10377
维他命,10378
刷漆,10379
亲密,10380
洋芋片,10381
一代,10382
医学,10383
过高,10384
发展中国家,10385
挑,10386
猪肉,10387
施工,10388
一心一意,10389
边谈,10390
抽根烟,10391
韩语,10392
请系,10393
主张,10394
有其父必有其子,10395
一年到头,10396
高中同学,10397
捏,10398
再念,10399
多酒,10400
再考,10401
指导,10402
得克萨斯州,10403
再放,10404
最新进展,10405
颇为,10406
野鸡,10407
健忘,10408
比水,10409
重得,10410
周干,10411
起到,10412
别误会,10413
退,10414
语言学,10415
一连,10416
姑姑家,10417
三百万,10418
梦到,10419
帮帮,10420
当个,10421
人质,10422
如银,10423
烟熏,10424
黄了,10425
让步,10426
驾驶证,10427
坐直,10428
拳击,10429
铭记,10430
于心,10431
英勇,10432
席卷,10433
稻田,10434
沙拉油,10435
红润,10436
全,10437
西海岸,10438
是否是,10439
河水,10440
泛滥,10441
紧紧,10442
一节,10443
发球,10444
福斯特,10445
所写,10446
术士,10447
咬紧牙关,10448
日记,10449
量力而行,10450
那块,10451
换换,10452
台车,10453
难免会,10454
卡片,10455
附,10456
匹马,10457
摇晃,10458
幻想,10459
想出,10460
废墟,10461
年代久远,10462
伪装成,10463
两本书,10464
冰厚,10465
足以,10466
这船,10467
按摩,10468
正给,10469
这信,10470
请放点,10471
法文,10472
机票,10473
原封不动,10474
球类,10475
证件,10476
夸张,10477
产物,10478
空着,10479
沉迷于,10480
人话,10481
抢手,10482
技能,10483
义式,10484
辣肠,10485
调子,10486
五块,10487
吉普车,10488
县,10489
牢记,10490
加利福尼亚,10491
某处,10492
那支,10493
难懂,10494
货车,10495
市政府,10496
强力,10497
相聚,10498
燕麦,10499
接待,10500
人员,10501
通宵达旦,10502
桨,10503
大道,10504
体验,10505
艰巨,10506
签到,10507
强盗,10508
放回,10509
各式各样,10510
充裕,10511
淡褐色,10512
想方设法,10513
以一己,10514
之力,10515
水龙头,10516
滴水,10517
债,10518
堵墙,10519
码,10520
眼熟,10521
商场,10522
别烦,10523
455,10524
讲得,10525
芬兰,10526
小国,10527
采取行动,10528
口渴,10529
外籍,10530
偏见,10531
自重,10532
门前,10533
擦亮,10534
留神,10535
歌儿,10536
唱得,10537
咋,10538
无处不在,10539
冷空气,10540
疾风,10541
迷失,10542
营救,10543
搅拌机,10544
冰沙,10545
堵车,10546
形容,10547
耳边,10548
三更半夜,10549
被忽视,10550
挥金如土,10551
高个子,10552
熟稔,10553
雨大得,10554
服务态度,10555
有效期限,10556
有辆,10557
近期内,10558
这事谈,10559
二十六个,10560
字母,10561
一具,10562
骨架,10563
起源于,10564
好坏不分,10565
组织,10566
右侧,10567
奥林匹克,10568
跳进来,10569
一路平安,10570
市里,10571
脏手,10572
滑冰场,10573
法官,10574
泼,10575
一盆,10576
入不敷出,10577
彩虹,10578
放着,10579
太窄,10580
是非不分,10581
有课,10582
擦擦,10583
做以,10584
维生,10585
日渐,10586
回暖,10587
困得,10588
短文,10589
内裤,10590
方向感,10591
滚石,10592
不生,10593
苔,10594
溢出,10595
仓库,10596
缴税,10597
中立,10598
计数,10599
没付,10600
向前走,10601
争辩,10602
两人份,10603
克林伊,10604
斯威特,10605
卡梅尔,10606
迈着,10607
稳健,10608
登上,10609
罗密欧,10610
朱丽叶,10611
上演,10612
胆,10613
扔回来,10614
判,10615
谳,10616
终生,10617
未婚,10618
生产总值,10619
一季,10620
点火,10621
抽象,10622
书展,10623
首发,10624
四分,10625
卫,10626
两到,10627
烧伤,10628
学着,10629
野花,10630
物件,10631
我握,10632
靠窗,10633
太酸,10634
衣食住行,10635
选个,10636
三分钟,10637
受益,10638
译本,10639
二手车,10640
所画,10641
初中生,10642
酒单,10643
语言表达,10644
拳头,10645
为数不多,10646
送礼物,10647
间隔,10648
含,10649
否决,10650
客气,10651
大富翁,10652
热门,10653
想开,10654
储蓄,10655
帐户,10656
橄榄,10657
提炼,10658
正午,10659
分钟,10660
声响,10661
超级市场,10662
荣幸,10663
知,10664
很丑,10665
苏格兰,10666
门牙,10667
突出,10668
省吃俭用,10669
活下去,10670
聊,10671
自动售货机,10672
雷声,10673
惨败,10674
联合航空公司,10675
办理,10676
自助式,10677
读一,10678
外行,10679
很准,10680
吝啬,10681
精心,10682
筹备,10683
人口众多,10684
嗅到,10685
风声,10686
盘问,10687
入口,10688
涉及,10689
恒星,10690
稠,10691
一通,10692
公立学校,10693
低血压,10694
我救,10695
一命,10696
分秒必争,10697
不讲理,10698
新发型,10699
左撇子,10700
窗子,10701
发起,10702
昨天下午,10703
含义,10704
含着泪,10705
申请书,10706
两百人,10707
霍乱,10708
抖出来,10709
稍,10710
迷惑不解,10711
证好,10712
替换,10713
正如,10714
魔法师,10715
末班车,10716
绿茶,10717
巨大成功,10718
这药会,10719
好受,10720
处方,10721
抽泣,10722
条子,10723
旧庙,10724
加为好友,10725
算有,10726
摔断了腿,10727
礼拜天,10728
照镜子,10729
玩吧,10730
无须,10731
多言,10732
熟睡中,10733
坦率,10734
地玩,10735
好大,10736
拾起,10737
说来话长,10738
远亲不如近邻,10739
事说,10740
朴素,10741
重播,10742
快地,10743
芙,10744
分给,10745
仍,10746
超级,10747
遛狗,10748
雪地,10749
打过架,10750
顺着,10751
流下来,10752
不提,10753
树是,10754
绿,10755
希腊,10756
关窗,10757
加在,10758
逗笑,10759
思想,10760
气喘吁吁,10761
红发,10762
雀斑,10763
迁移,10764
试著要,10765
实情,10766
乘船,10767
哥们儿,10768
爹,10769
变戏法,10770
学期结束,10771
多人,10772
高寿,10773
填满,10774
他游过,10775
改造,10776
车间,10777
好脾气,10778
胆小,10779
跑过来,10780
干柴,10781
烧得旺,10782
别怕,10783
吠,10784
柚子,10785
快速,10786
猴急,10787
礼拜四,10788
3,10789
暗中,10790
第一项,10791
闹钟,10792
没门,10793
献给,10794
墨西哥人,10795
两三遍,10796
一盏灯,10797
匮乏,10798
果园,10799
给我发,10800
短信,10801
告诫,10802
吵闹,10803
乡村,10804
安定,10805
能带,10806
英语老师,10807
歧视,10808
保安,10809
现存,10810
陆生动物,10811
瞬间,10812
看作,10813
真多,10814
数年,10815
怂恿,10816
奢侈品,10817
打扰到,10818
走走,10819
鳄鱼,10820
尖利,10821
没变,10822
一切都在,10823
九十岁,10824
急需,10825
医疗,10826
用品,10827
连络,10828
掉下去,10829
不如说,10830
展览会,10831
买鞋,10832
纯属偶然,10833
火旁,10834
烘干,10835
手牵着,10836
何时何地,10837
究极,10838
砰砰,10839
作响,10840
封面,10841
玉米,10842
裁开,10843
有部,10844
利兹,10845
上马,10846
蠢材,10847
无线电,10848
他伤,10849
全心全意,10850
母乳,10851
长途,10852
征求意见,10853
蓬松,10854
柔软,10855
凉水,10856
清醒过来,10857
活得久,10858
这杯,10859
百香果汁,10860
冻死,10861
不饿,10862
剪个,10863
理发,10864
稀少,10865
命,10866
卖掉,10867
明朗,10868
转身,10869
用药,10870
镇痛,10871
长沙,10872
不好玩,10873
园丁,10874
凶手,10875
立遗嘱,10876
冒烟,10877
这刀,10878
悄悄,10879
该不该,10880
加点,10881
皱著,10882
眉头,10883
开得,10884
茕茕孑立,10885
西兰花,10886
长而,10887
非,10888
吸烟区,10889
在世界上,10890
广泛,10891
凉爽,10892
只不过,10893
万分,10894
焦虑,10895
时髦,10896
咨询处,10897
中犯,10898
接球,10899
保住,10900
面子,10901
该死,10902
删掉,10903
带酒,10904
梵高,10905
牧场,10906
有十,10907
英亩,10908
版图,10909
二十五倍,10910
协会会员,10911
入,10912
倾斜,10913
词源,10914
拉丁语,10915
评分,10916
我变,10917
不向,10918
半途而废,10919
存点,10920
能剧,10921
醉心于,10922
与其,10923
手下,10924
租车,10925
保险箱,10926
关下,10927
新政府,10928
联合国,10929
外接式,10930
硬碟,10931
无处可去,10932
平安,10933
含糊其辞,10934
记人名,10935
断盐,10936
有志者事竟成,10937
有钱人,10938
不言而喻,10939
台式,10940
钱要,10941
实现,10942
兿,10943
术家,10944
难缠,10945
教科书,10946
三月份,10947
绽放,10948
数到,10949
另一家,10950
重温,10951
鞋带,10952
刮目相看,10953
整体而言,10954
感觉良好,10955
海湾,10956
撤回,10957
陈述,10958
安卓,10959
经验老到,10960
男不坏,10961
藏著,10962
签字,10963
合同,10964
好心,10965
不请,10966
队进,10967
陷入,10968
以防,10969
漂浮,10970
水上,10971
俄式,10972
片,10973
路直,10974
把布,10975
撕,10976
物价,10977
尸体,10978
大早,10979
赶,10980
里外,10981
锁坏,10982
举止,10983
时请,10984
俄国,10985
空气污染,10986
汽车旅馆,10987
多达,10988
勾起,10989
久远,10990
我领,10991
居家,10992
体重减轻,10993
破洞,10994
凡人,10995
得意,10996
点着,10997
帖子,10998
十只,10999
上点,11000
撕成,11001
这人,11002
通缉,11003
签,11004
脑海中,11005
浮现,11006
图像,11007
上周三,11008
流鼻血,11009
标准,11010
好几年,11011
厚颜无耻,11012
费,11013
涨价,11014
时常,11015
分发,11016
节目单,11017
活路,11018
前去,11019
出入,11020
华人,11021
沸腾,11022
蒸汽,11023
插进,11024
很久前,11025
说不定,11026
出示,11027
票子,11028
原创,11029
这应证,11030
富人,11031
阻挡,11032
社团,11033
翻,11034
笑一笑,11035
卧房,11036
兄妹,11037
哄堂大笑,11038
流经,11039
泰晤士河,11040
漏气,11041
从骏,11042
河湾,11043
暴动,11044
监狱长,11045
加油站,11046
趴下,11047
可口可乐,11048
事能,11049
互联网,11050
无法估量,11051
资源,11052
艾菲尔铁塔,11053
拍张,11054
结婚照,11055
纸来,11056
纳闷,11057
零度,11058
考拉,11059
覚,11060
葱,11061
地主,11062
发来,11063
电子邮件,11064
粘到,11065
书放,11066
货船,11067
早到,11068
奖励,11069
你会用,11070
遇害,11071
宁静,11072
散发,11073
臭气,11074
临别,11075
洗脸,11076
讨论一下,11077
研究所,11078
好长时间,11079
不负责任,11080
探险,11081
单字,11082
源自,11083
拉丁文,11084
够用,11085
挤进,11086
小房间,11087
第二天,11088
要告,11089
钟响,11090
记帐,11091
技师,11092
白得,11093
分房,11094
游戏吧,11095
责任感,11096
坟墓,11097
腮腺炎,11098
那猫,11099
没死,11100
寿命短,11101
桑拿,11102
某些,11103
媛,11104
真酷,11105
钱够,11106
老楼,11107
供认,11108
胃癌,11109
两张床,11110
清单,11111
体型,11112
火狐,11113
远远,11114
袖手旁观,11115
驯养,11116
员,11117
限,11118
从事,11119
开支,11120
就让,11121
眼看,11122
婚前,11123
张开,11124
往返票,11125
坐车去,11126
螫人,11127
缴交,11128
擦掉,11129
误,11130
分不清,11131
措施,11132
预防,11133
雨中,11134
女厕所,11135
对我讲,11136
言喻,11137
年收入,11138
如意郎君,11139
露面,11140
提倡,11141
爱国主义,11142
深信,11143
会往,11144
字面,11145
会员卡,11146
收容,11147
行李箱,11148
全日,11149
景物,11150
送货,11151
威廉,11152
顺位,11153
继承人,11154
邮箱地址,11155
悲观,11156
总裁,11157
皮肤癌,11158
恐怖片,11159
物理学家,11160
说完,11161
海滨,11162
归结,11163
辛勤工作,11164
好运气,11165
没书,11166
可读,11167
摔断,11168
舒服些,11169
环,11170
信教,11171
他织,11172
经纪人,11173
咖啡厅,11174
韩国菜,11175
双方,11176
举行会谈,11177
开胃,11178
劳拉英,11179
戈尔斯,11180
恢复健康,11181
热恋,11182
颗星,11183
拿给,11184
订正,11185
妄,11186
下结论,11187
醉得,11188
认不出来,11189
议员,11190
议会,11191
道德,11192
谴责,11193
洗牌,11194
打扑克,11195
拆掉,11196
到手,11197
搭上,11198
那药,11199
管用,11200
牺牲,11201
笑了笑,11202
无尾熊,11203
挂到,11204
擅于,11205
未,11206
东京大学,11207
糖浆,11208
甘草,11209
情人,11210
见过面,11211
红玫瑰,11212
白玫瑰,11213
三十名,11214
通往,11215
老妇人,11216
药房,11217
改过自新,11218
签合同,11219
球正,11220
顺流而下,11221
出类拔萃,11222
这像,11223
鸟笼,11224
昰,11225
迷上,11226
张画,11227
幌子,11228
环顾四周,11229
天然,11230
睡过去,11231
打鼓,11232
字迹,11233
万事达,11234
偏,11235
斯德哥尔摩,11236
瑞典,11237
本质,11238
剧,11239
底稿,11240
人口密度,11241
胃王,11242
选好,11243
走私,11244
朵玫瑰,11245
行与行,11246
留些,11247
发牌,11248
比邻星,11249
请照,11250
加仑,11251
掩盖真相,11252
鲨鱼,11253
皮比,11254
金枪鱼,11255
粗糙,11256
公交,11257
马在,11258
小跑,11259
激烈,11260
喝掉,11261
常青藤,11262
铺满,11263
150,11264
翻新,11265
一知半解,11266
记下,11267
话筒,11268
单身汉,11269
做手术,11270
写过信,11271
已损坏,11272
来晚,11273
太咸,11274
导演,11275
节约,11276
占星术,11277
施压,11278
湖在,11279
很深,11280
停手,11281
流感,11282
无可奉告,11283
没指望,11284
尺码,11285
合作伙伴,11286
实力,11287
伴随,11288
雷鸣,11289
秀,11290
棒极了,11291
梳洗打扮,11292
新药,11293
抛,11294
下落,11295
薯片,11296
有血,11297
意,11298
放飞,11299
因公,11300
每句话,11301
假话,11302
现今,11303
天花,11304
免疫,11305
休息日,11306
描述,11307
会信,11308
煤气费,11309
舞蹈,11310
矿泉水,11311
土著,11312
上千年,11313
袋鼠,11314
厚,11315
问个,11316
一匹,11317
马拉,11318
身份证,11319
小丘,11320
嚎叫,11321
一问,11322
留宿,11323
发臭,11324
乱七八糟,11325
具,11326
来世,11327
恭贺,11328
感受一下,11329
财政困难,11330
绝境,11331
协定,11332
天是,11333
越少,11334
性感,11335
素食者,11336
一转眼,11337
浅显,11338
英语演讲,11339
冷战,11340
苏联,11341
解体,11342
这值,11343
下回,11344
人用,11345
费时,11346
盟军,11347
知足常乐,11348
护士长,11349
根烟,11350
一大家子,11351
要养,11352
小学生,11353
杀人罪,11354
数次,11355
预计,11356
玛莉会,11357
输家,11358
全由,11359
坐著,11360
游过,11361
河要,11362
告诉您,11363
绝妙,11364
藏身之处,11365
两卷,11366
搭个,11367
小学,11368
藏宝,11369
抵抗,11370
换工,11371
大胆,11372
氨水,11373
漂白剂,11374
一分钱,11375
激动人心,11376
大桥,11377
年底,11378
完工,11379
宿舍,11380
档案,11381
李斯特,11382
不要命,11383
含糊不清,11384
他出,11385
走来走去,11386
迄今,11387
不入虎穴,11388
清除,11389
法语歌,11390
工的,11391
吵醒,11392
千万别,11393
理,11394
别当,11395
守财奴,11396
干杯,11397
会员费,11398
看好,11399
别放太多,11400
好客,11401
最有,11402
候选人,11403
太坏,11404
不戴,11405
首饰,11406
闹,11407
年幼,11408
改建,11409
可以信赖,11410
这茶,11411
赐予,11412
壁炉,11413
上方,11414
请包,11415
您提,11416
合群,11417
遵照,11418
搭到,11419
武装到牙齿,11420
那匹,11421
马下,11422
赌注,11423
事已至此,11424
想吃些,11425
刚来,11426
诡异,11427
皇帝,11428
饶恕,11429
向日葵,11430
儿响,11431
磨蹭,11432
宪法,11433
保障,11434
怕黑,11435
高科技,11436
产业,11437
领头人,11438
菜刀,11439
背景,11440
点名,11441
张照,11442
反复,11443
思量,11444
到此为止,11445
宇宙,11446
浩瀚,11447
无边,11448
唤醒,11449
棚里,11450
展开讨论,11451
周年,11452
纪念日,11453
别有用心,11454
别放,11455
榔头,11456
裁缝师,11457
看得见,11458
珍贵,11459
吹奥,11460
卡利,11461
纳埙,11462
画挂,11463
我信,11464
鬼神,11465
桦树,11466
有白,11467
树皮,11468
两磅,11469
老龄化,11470
医疗保健,11471
支出,11472
想学,11473
地多,11474
凉快,11475
打翻,11476
纺织品,11477
指南,11478
听取,11479
莱茵河,11480
国界,11481
伯明翰,11482
辜负,11483
有起,11484
必有,11485
永生,11486
削,11487
事得,11488
不出,11489
不屑一顾,11490
天地,11491
二十个,11492
培根,11493
香肠,11494
布什,11495
继,11496
里根,11497
扰乱,11498
入会费,11499
人民,11500
任凭,11501
残暴,11502
处置,11503
蓝线,11504
抱著,11505
失败主义,11506
仗,11507
物理,11508
不嫉妒,11509
别下床,11510
安全感,11511
我照,11512
濒临灭绝,11513
想查,11514
请祝,11515
前高,11516
专门,11517
透过,11518
传,11519
译员,11520
极少数,11521
煎,11522
筑巢,11523
新款,11524
车作,11525
为时过早,11526
惭愧,11527
这雨,11528
丝袜,11529
拉上去,11530
审美,11531
浅蓝,11532
捏了一把汗,11533
离火,11534
消防员,11535
演技,11536
堪比,11537
专业人士,11538
情谊,11539
人力,11540
仲介公司,11541
管理,11542
几句,11543
好过,11544
无情,11545
洽公,11546
参加者,11547
翻番,11548
驾驶员,11549
取代,11550
交错,11551
盐放多,11552
珠宝店,11553
始建,11554
烦躁,11555
帘子,11556
报业,11557
刺激,11558
好多钱,11559
废水,11560
地开,11561
苗条,11562
比说,11563
吓坏,11564
供,11565
玩乐,11566
场所,11567
我想变,11568
几步,11569
我表上,11570
赤字,11571
哪一位,11572
审理,11573
此案,11574
牢固,11575
生态,11576
印迹,11577
一国,11578
密切相关,11579
官方,11580
不负,11581
患,11582
同年,11583
来讲,11584
困在,11585
树篱,11586
麦芽,11587
征税,11588
锅里,11589
这匹,11590
马有,11591
形式,11592
上天,11593
自力更生,11594
并不比,11595
旅费,11596
太漂亮,11597
导师,11598
还关,11599
包里,11600
喷剂,11601
完全恢复,11602
洗衣,11603
液,11604
面具,11605
黏在,11606
他游到,11607
我先,11608
车卖,11609
时刻表,11610
未满,11611
饮酒,11612
最懒,11613
折叠,11614
平行四边形,11615
乘车,11616
街区,11617
通到,11618
数十亿,11619
信一写,11620
刚够,11621
失之毫厘,11622
明尼苏达州,11623
洗洗,11624
天冷得,11625
缺勤,11626
伯恩,11627
会关,11628
桌,11629
冷气,11630
调,11631
高点,11632
撞坏,11633
左臂,11634
无法解释,11635
省下,11636
传染给,11637
同情,11638
炖菜,11639
腐烂,11640
签了,11641
租约,11642
技术,11643
逃,11644
多活,11645
合得来,11646
这双鞋,11647
看会,11648
前别,11649
列成,11650
切到,11651
别去,11652
顺道,11653
一提,11654
回电,11655
花儿,11656
美食,11657
武装,11658
以雾,11659
填好,11660
大敌,11661
迷惑,11662
一身,11663
遅,11664
这尽够,11665
参观者,11666
少数,11667
皇冠,11668
下腰,11669
穿破,11670
电影吧,11671
搓,11672
背好,11673
自言自语,11674
前洗,11675
寄过,11676
印刷错误,11677
欢送,11678
薄,11679
织物,11680
烟囱,11681
两千,11682
好几间,11683
孤立,11684
激光打印机,11685
喷墨,11686
必修课,11687
三十多,11688
蓬乱,11689
世家,11690
托付给,11691
管弦乐团,11692
尖,11693
收过,11694
把戏,11695
正玩得,11696
纽约市,11697
名气,11698
夸脱,11699
茶点,11700
校外,11701
纸板箱,11702
属实,11703
严禁吸烟,11704
驳回,11705
清朗,11706
不利,11707
上加些,11708
跃过,11709
卖书,11710
外公,11711
地为,11712
对付,11713
除颤,11714
器,11715
骂人,11716
夜校,11717
我过,11718
难挨,11719
激励,11720
往右边,11721
流过,11722
身亡,11723
管,11724
内容,11725
一丁点,11726
挑不出,11727
一切都是,11728
木地板,11729
见了面,11730
逃出来,11731
放出去,11732
多来,11733
扯掉,11734
古钱,11735
当季,11736
老爷爷,11737
笔在,11738
捐血,11739
冻得,11740
瑟瑟,11741
发抖,11742
剪短,11743
逗留,11744
纯金,11745
评判,11746
观测,11747
星象,11748
记不得,11749
国中生,11750
本末倒置,11751
钟声,11752
拐弯抹角,11753
电视新闻,11754
停住,11755
危险区,11756
糊掉,11757
愈来愈多,11758
分出,11759
亡羊补牢,11760
做个,11761
赢家,11762
长处,11763
短处,11764
一片狼藉,11765
怠忽职守,11766
领域,11767
险恶,11768
得够,11769
内来,11770
意味深长,11771
火柴盒,11772
饶,11773
礼品店,11774
开朗,11775
快熟,11776
体会,11777
人选,11778
痛恨,11779
恐怖主义,11780
使命,11781
住宿,11782
测量,11783
条河,11784
出路,11785
礼拜堂,11786
一箱,11787
不证,11788
自明,11789
踢进,11790
球门,11791
消磨,11792
女王,11793
伊丽莎白,11794
一世,11795
限度,11796
仿造品,11797
规律,11798
消沉,11799
月色,11800
几支,11801
庭院,11802
